<pre class="xmlcode">&lt;?xml version="1.0" encoding="utf-8"?&gt;
&lt;<span class="tagname">data</span>&gt;
    &lt;<span class="tagname">div</span> <span class="attname">class</span>="<span class="attvalue">content</span>"&gt;    
    &lt;<span class="tagname">h1</span>&gt;ModuleTOC&lt;/<span class="tagname">h1</span>&gt;
&lt;<span class="tagname">hr</span>/&gt;
&lt;<span class="tagname">div</span>&gt;Source:&lt;/<span class="tagname">div</span>&gt;
&lt;<span class="tagname">div</span>&gt;<span class="process">&lt;?_wxt expand location="exp_moduletoc.xml" 
             sourcelocation="moduletoc.xml" code="xmlcode"?&gt;</span>
&lt;/<span class="tagname">div</span>&gt;
&lt;<span class="tagname">hr</span>/&gt; 
    <span class="process">&lt;?_wxt moduletoc?&gt;</span>
    &lt;<span class="tagname">hr</span>/&gt;
    <span class="process">&lt;?_wxt moduletoc tags=",h2" cols="0"?&gt;</span>
    &lt;<span class="tagname">hr</span>/&gt;
    <span class="process">&lt;?_wxt moduletoc tags=",h2,h3" cols="2"?&gt;</span>
    &lt;<span class="tagname">hr</span>/&gt;    

   &lt;<span class="tagname">h2</span>&gt;Sub1&lt;/<span class="tagname">h2</span>&gt;
   &lt;<span class="tagname">p</span>&gt;Text1&lt;/<span class="tagname">p</span>&gt;
   &lt;<span class="tagname">h2</span>&gt;Sub2&lt;/<span class="tagname">h2</span>&gt;
   &lt;<span class="tagname">p</span>&gt;Text2&lt;/<span class="tagname">p</span>&gt;
        &lt;<span class="tagname">h3</span>&gt;Sub23&lt;/<span class="tagname">h3</span>&gt;
        &lt;<span class="tagname">p</span>&gt;text23&lt;/<span class="tagname">p</span>&gt;
   &lt;<span class="tagname">h2</span>&gt;Sub3&lt;/<span class="tagname">h2</span>&gt;
        &lt;<span class="tagname">p</span>&gt;Text3&lt;/<span class="tagname">p</span>&gt;
    &lt;/<span class="tagname">div</span>&gt;
&lt;/<span class="tagname">data</span>&gt;</pre>