<pre class="xmlcode">&lt;?xml version="1.0" encoding="utf-8"?&gt;
&lt;<span class="tagname">data</span>&gt;
    &lt;<span class="tagname">div</span> <span class="attname">class</span>="<span class="attvalue">content</span>"&gt;       
    &lt;<span class="tagname">h1</span>&gt;Import from database&lt;/<span class="tagname">h1</span>&gt;
&lt;<span class="tagname">hr</span>/&gt;
&lt;<span class="tagname">div</span>&gt;Source:&lt;/<span class="tagname">div</span>&gt;
&lt;<span class="tagname">div</span>&gt;<span class="process">&lt;?_wxt expand location="exp_importdb.xml" 
             sourcelocation="importdb.xml" replace="&amp;password|&amp;password"
             code="xmlcode"?&gt;</span>
&lt;/<span class="tagname">div</span>&gt;
&lt;<span class="tagname">hr</span>/&gt;
    &lt;<span class="tagname">div</span>&gt;
&lt;<span class="tagname">div</span>&gt;Navn på viner fra Spania &lt;/<span class="tagname">div</span>&gt;
<span class="process">&lt;?_wxt importdb 
    connection="jdbc:mysql://frigg.hiof.no/vin?user=student&amp;password=student"
    sql="use vin;
        select type,name,dice from wines where country = 'Spania';
        select type,description,dice from wines where country = 'Frankrike';"
    encoding="ISO-8859-1"
    transformation="_table"
    xpath="//div[@class='dbresult' and position()='1']"
    targetlocation="dbdump.xml"?&gt;</span>
    &lt;/<span class="tagname">div</span>&gt;

    &lt;<span class="tagname">hr</span>/&gt;

    &lt;<span class="tagname">div</span>&gt;Navn på viner fra Italia &lt;/<span class="tagname">div</span>&gt;
&lt;<span class="tagname">div</span>&gt;
<span class="process">&lt;?_wxt importdb 
    connection="jdbc:mysql://frigg.hiof.no/vin?user=student&amp;password=student"
    sql="use vin;
        select type,name,dice from wines where country = 'Italia'"
    encoding="ISO-8859-1"
    transformation="_table"
    xpath="//div[@class='dbresult' and position()='1']"
    targetlocation="dbdump.xml"?&gt;</span>
    &lt;/<span class="tagname">div</span>&gt;
    
&lt;<span class="tagname">hr</span>/&gt;

    
    &lt;<span class="tagname">div</span>&gt;Beskrivelse av musserende viner fra Frankrike med terningkast 1&lt;/<span class="tagname">div</span>&gt;
    &lt;<span class="tagname">div</span>&gt;
<span class="process">&lt;?_wxt importxml 
    location="dbdump.xml"
    xpath="//div[@id='root']"
    transformation="vindb2(type='sparkling',dice='1')"?&gt;</span>
    &lt;/<span class="tagname">div</span>&gt;
    
    &lt;/<span class="tagname">div</span>&gt;
&lt;/<span class="tagname">data</span>&gt;</pre>