<pre class="xmlcode">&lt;?xml version="1.0" encoding="utf-8"?&gt;
&lt;<span class="tagname">data</span>&gt;
    &lt;<span class="tagname">div</span> <span class="attname">class</span>="<span class="attvalue">content</span>"&gt;    
    &lt;<span class="tagname">h1</span>&gt;Collecting&lt;/<span class="tagname">h1</span>&gt;
&lt;<span class="tagname">hr</span>/&gt;
&lt;<span class="tagname">div</span>&gt;Source:&lt;/<span class="tagname">div</span>&gt;
&lt;<span class="tagname">div</span>&gt;<span class="process">&lt;?_wxt expand location="exp_collecting.xml" 
             sourcelocation="collecting.xml" code="xmlcode"?&gt;</span>
&lt;/<span class="tagname">div</span>&gt;
&lt;<span class="tagname">hr</span>/&gt;    
   &lt;<span class="tagname">div</span>&gt;
       <span class="process">&lt;?_wxt collect  books="all" xpath="//h1"?&gt;</span>
   &lt;/<span class="tagname">div</span>&gt;       
   &lt;<span class="tagname">hr</span>/&gt;
    &lt;<span class="tagname">h2</span>&gt;Collecting Module content&lt;/<span class="tagname">h2</span>&gt;        
    &lt;<span class="tagname">div</span>&gt;
       <span class="process">&lt;?_wxt collect  books="all" xpath="//div[@class='content']"?&gt;</span>
   &lt;/<span class="tagname">div</span>&gt;          
   &lt;/<span class="tagname">div</span>&gt;
&lt;/<span class="tagname">data</span>&gt;</pre>