<pre class="xmlcode">&lt;?xml version="1.0" encoding="utf-8"?&gt;
&lt;<span class="tagname">data</span>&gt;
&lt;<span class="tagname">div</span> <span class="attname">class</span>="<span class="attvalue">content</span>"&gt;    
&lt;<span class="tagname">h1</span>&gt;WIKIPEDIA import&lt;/<span class="tagname">h1</span>&gt;

&lt;<span class="tagname">hr</span>/&gt;
&lt;<span class="tagname">div</span>&gt;Source:&lt;/<span class="tagname">div</span>&gt;
&lt;<span class="tagname">div</span>&gt;<span class="process">&lt;?_wxt expand location="exp_importwikipedia.xml" 
             sourcelocation="importwikipedia.xml" code="xmlcode"?&gt;</span>
&lt;/<span class="tagname">div</span>&gt;
&lt;<span class="tagname">hr</span>/&gt;

&lt;<span class="tagname">div</span>&gt;
    <span class="process">&lt;?_wxt moduletoc tags="h1,h2,h3" cols="1"?&gt;</span>
&lt;/<span class="tagname">div</span>&gt;
&lt;<span class="tagname">hr</span>/&gt;
&lt;<span class="tagname">p</span>&gt;
    Testing import av WIKIPEDIA fragments
&lt;/<span class="tagname">p</span>&gt;
&lt;<span class="tagname">hr</span>/&gt;
&lt;<span class="tagname">div</span>&gt;
    &lt;<span class="tagname">h1</span>&gt;Tigere&lt;/<span class="tagname">h1</span>&gt;
    <span class="process">&lt;?_wxt importwiki keeprefs="yes" 
             location="http://no.wikipedia.org/wiki/Tiger" 
             dpath="//Underarter"?&gt;</span>
&lt;/<span class="tagname">div</span>&gt;
&lt;<span class="tagname">hr</span>/&gt;
&lt;<span class="tagname">div</span>&gt;
    &lt;<span class="tagname">h1</span>&gt;Pumaer&lt;/<span class="tagname">h1</span>&gt;
    <span class="process">&lt;?_wxt importwiki  keeprefs="no"
             location="http://en.wikipedia.org/wiki/Cougar" 
             dpath="//Hunting and diet"?&gt;</span>
&lt;/<span class="tagname">div</span>&gt;
&lt;<span class="tagname">hr</span>/&gt;
&lt;<span class="tagname">div</span>&gt;
    &lt;<span class="tagname">h1</span>&gt;Pitcairn Islands&lt;/<span class="tagname">h1</span>&gt;
    <span class="process">&lt;?_wxt importwiki  keeprefs="yes"
             location="http://en.wikipedia.org/wiki/Pitcairn_Islands" 
             xpath="//table[@class='infobox geography vcard']"?&gt;</span>
&lt;/<span class="tagname">div</span>&gt;
&lt;/<span class="tagname">div</span>&gt;
&lt;/<span class="tagname">data</span>&gt;</pre>