<pre class="xmlcode">&lt;?xml version="1.0" encoding="utf-8"?&gt;
&lt;<span class="tagname">data</span>&gt;
    &lt;<span class="tagname">div</span> <span class="attname">class</span>="<span class="attvalue">content</span>"&gt;    
    &lt;<span class="tagname">h1</span>&gt;Import Text&lt;/<span class="tagname">h1</span>&gt;
&lt;<span class="tagname">hr</span>/&gt;
&lt;<span class="tagname">div</span>&gt;Source:&lt;/<span class="tagname">div</span>&gt;
&lt;<span class="tagname">div</span>&gt;<span class="process">&lt;?_wxt expand location="exp_encoding.xml" 
             sourcelocation="encoding.xml" code="xmlcode"?&gt;</span>
&lt;/<span class="tagname">div</span>&gt;
&lt;<span class="tagname">hr</span>/&gt;
    &lt;<span class="tagname">div</span>&gt;
        From utf-8: 
        <span class="process">&lt;?_wxt importtxt location="utftext.txt"?&gt;</span>
    &lt;/<span class="tagname">div</span>&gt;
    &lt;<span class="tagname">div</span>&gt;
        From ISO-8859-1(eksplisitt encoding): 
        <span class="process">&lt;?_wxt importtxt location="isotext.txt" encoding="ISO-8859-1"?&gt;</span>
    &lt;/<span class="tagname">div</span>&gt;
    &lt;<span class="tagname">div</span>&gt;
        From ISO-8859-1: 
        <span class="process">&lt;?_wxt importtxt location="isotext.txt"?&gt;</span>
    &lt;/<span class="tagname">div</span>&gt;    
    &lt;<span class="tagname">hr</span>/&gt;
    &lt;<span class="tagname">h2</span>&gt;
        Import of xml
    &lt;/<span class="tagname">h2</span>&gt;
    &lt;<span class="tagname">div</span>&gt;
        From iso-8859-1: 
        <span class="process">&lt;?_wxt importxml location="someiso.html" xpath="//div[@id='myname']/child::text()"?&gt;</span>
    &lt;/<span class="tagname">div</span>&gt;
    &lt;<span class="tagname">div</span>&gt;
        From utf-8: 
        <span class="process">&lt;?_wxt importxml location="someutf.html" xpath="//div[@id='myname']/child::text()"?&gt;</span>
    &lt;/<span class="tagname">div</span>&gt;
    
    &lt;<span class="tagname">hr</span>/&gt;
    &lt;<span class="tagname">h2</span>&gt;
        Import of fragments defined in the script
    &lt;/<span class="tagname">h2</span>&gt;
    &lt;<span class="tagname">div</span>&gt;
        From iso-8859-1: 
        <span class="process">&lt;?_wxt fragment id="fiso"?&gt;</span>
    &lt;/<span class="tagname">div</span>&gt;
    
    &lt;<span class="tagname">div</span>&gt;
        From iso-8859-1 (eksplisitt encoding): 
        <span class="process">&lt;?_wxt fragment id="fisoexplisitt"?&gt;</span>
    &lt;/<span class="tagname">div</span>&gt;
    &lt;<span class="tagname">div</span>&gt;
        From utf-8: 
        <span class="process">&lt;?_wxt fragment id="futf""?&gt;</span>
    &lt;/<span class="tagname">div</span>&gt;
    &lt;/<span class="tagname">div</span>&gt;
&lt;/<span class="tagname">data</span>&gt;</pre>