<pre class="xmlcode">&lt;?xml version="1.0" encoding="utf-8"?&gt;
&lt;<span class="tagname">data</span>&gt;
    &lt;<span class="tagname">div</span> <span class="attname">class</span>="<span class="attvalue">content</span>"&gt;    
    &lt;<span class="tagname">h1</span>&gt;Summaries&lt;/<span class="tagname">h1</span>&gt;
&lt;<span class="tagname">hr</span>/&gt;
&lt;<span class="tagname">div</span>&gt;Source:&lt;/<span class="tagname">div</span>&gt;
&lt;<span class="tagname">div</span>&gt;<span class="process">&lt;?_wxt expand location="exp_collectsummaries.xml" 
             sourcelocation="collectsummaries.xml" code="xmlcode"?&gt;</span>
&lt;/<span class="tagname">div</span>&gt;
&lt;<span class="tagname">hr</span>/&gt;
   &lt;<span class="tagname">div</span>&gt;<span class="process">&lt;?_wxt collectsummary ?&gt;</span>&lt;/<span class="tagname">div</span>&gt;
   &lt;<span class="tagname">hr</span>/&gt;
   &lt;<span class="tagname">div</span>&gt;<span class="process">&lt;?_wxt collectsummary idlist="fid"?&gt;</span>&lt;/<span class="tagname">div</span>&gt;
   &lt;<span class="tagname">hr</span>/&gt;
   &lt;<span class="tagname">div</span>&gt;<span class="process">&lt;?_wxt collectsummary idlist="fid" xlink="yes"?&gt;</span>&lt;/<span class="tagname">div</span>&gt;
    &lt;/<span class="tagname">div</span>&gt;
&lt;/<span class="tagname">data</span>&gt;</pre>