<pre class="xmlcode">&lt;?xml version="1.0" encoding="utf-8"?&gt;
&lt;<span class="tagname">data</span>&gt;
    &lt;<span class="tagname">div</span> <span class="attname">class</span>="<span class="attvalue">content</span>"&gt;    
    &lt;<span class="tagname">h1</span>&gt;xlinks&lt;/<span class="tagname">h1</span>&gt;
&lt;<span class="tagname">hr</span>/&gt;
&lt;<span class="tagname">div</span>&gt;Source:&lt;/<span class="tagname">div</span>&gt;
&lt;<span class="tagname">div</span>&gt;<span class="process">&lt;?_wxt expand location="exp_xlink.xml" 
             sourcelocation="xlink.xml" code="xmlcode"?&gt;</span>
&lt;/<span class="tagname">div</span>&gt;
&lt;<span class="tagname">hr</span>/&gt;
    &lt;<span class="tagname">h2</span>&gt;xlink&lt;/<span class="tagname">h2</span>&gt;
        &lt;<span class="tagname">div</span>&gt;name: <span class="process">&lt;?_wxt xlink id="_prev"?&gt;</span>&lt;/<span class="tagname">div</span>&gt;
        &lt;<span class="tagname">hr</span>/&gt;
        &lt;<span class="tagname">div</span>&gt;name: <span class="process">&lt;?_wxt xlink id="_parent"?&gt;</span>&lt;/<span class="tagname">div</span>&gt;
     &lt;<span class="tagname">hr</span>/&gt;
     &lt;<span class="tagname">h2</span>&gt;Modulemaps&lt;/<span class="tagname">h2</span>&gt;   
        &lt;<span class="tagname">div</span>&gt;<span class="process">&lt;?_wxt modulemap ?&gt;</span>&lt;/<span class="tagname">div</span>&gt;
        &lt;<span class="tagname">hr</span>/&gt;
        &lt;<span class="tagname">div</span>&gt;<span class="process">&lt;?_wxt modulemap idlist="fid,Foots" ?&gt;</span>&lt;/<span class="tagname">div</span>&gt; 
        &lt;<span class="tagname">hr</span>/&gt;
        &lt;<span class="tagname">div</span>&gt;<span class="process">&lt;?_wxt modulemap cols="2"?&gt;</span>&lt;/<span class="tagname">div</span>&gt;
   &lt;/<span class="tagname">div</span>&gt;
&lt;/<span class="tagname">data</span>&gt;</pre>