<pre class="xmlcode">&lt;?xml version="1.0" encoding="utf-8"?&gt;
&lt;<span class="tagname">data</span>&gt;
    &lt;<span class="tagname">div</span> <span class="attname">class</span>="<span class="attvalue">content</span>"&gt;    
    &lt;<span class="tagname">h1</span>&gt;ModuleMAP&lt;/<span class="tagname">h1</span>&gt;
&lt;<span class="tagname">hr</span>/&gt;
&lt;<span class="tagname">div</span>&gt;Source:&lt;/<span class="tagname">div</span>&gt;
&lt;<span class="tagname">div</span>&gt;<span class="process">&lt;?_wxt expand location="exp_modulemap.xml" 
             sourcelocation="modulemap.xml" code="xmlcode"?&gt;</span>
&lt;/<span class="tagname">div</span>&gt;
&lt;<span class="tagname">hr</span>/&gt; 
    [<span class="process">&lt;?_wxt modulemap cols="0" divider="]["?&gt;</span>]
    &lt;<span class="tagname">hr</span>/&gt;
    <span class="process">&lt;?_wxt modulemap summary="yes" cols="1"?&gt;</span>
    &lt;<span class="tagname">hr</span>/&gt;    
    <span class="process">&lt;?_wxt modulemap fragment="_summary" summary="yes" cols="2"?&gt;</span>     
    &lt;/<span class="tagname">div</span>&gt;
&lt;/<span class="tagname">data</span>&gt;</pre>