<pre class="xmlcode">&lt;?xml version="1.0" encoding="utf-8"?&gt;
&lt;<span class="tagname">data</span>&gt;
&lt;<span class="tagname">div</span> <span class="attname">class</span>="<span class="attvalue">content</span>"&gt;    
    &lt;<span class="tagname">h1</span>&gt;Import Multiple Text&lt;/<span class="tagname">h1</span>&gt;
    &lt;<span class="tagname">hr</span>/&gt;
    &lt;<span class="tagname">div</span>&gt;Source:&lt;/<span class="tagname">div</span>&gt;
    &lt;<span class="tagname">div</span>&gt;<span class="process">&lt;?_wxt expand location="exp_importmultitext.xml" 
             sourcelocation="importmultitext.xml" code="xmlcode"?&gt;</span>
    &lt;/<span class="tagname">div</span>&gt;
    &lt;<span class="tagname">hr</span>/&gt;
    &lt;<span class="tagname">div</span>&gt;Paragraf3: 
    <span class="process">&lt;?_wxt importtxt location="paragrafer.txt" 
           leftpar="par3" rightpar="eofpar3"?&gt;</span>&lt;/<span class="tagname">div</span>&gt;
&lt;<span class="tagname">hr</span>/&gt; 
    &lt;<span class="tagname">div</span>&gt;del 2 og 4: 
    <span class="process">&lt;?_wxt importtxt location="paragrafer.txt" 
           leftpar="start" rightpar="stop" select="2,4"?&gt;</span>&lt;/<span class="tagname">div</span>&gt;
 &lt;/<span class="tagname">div</span>&gt;
&lt;/<span class="tagname">data</span>&gt;</pre>