<?xml version="1.0" encoding="utf-8"?>
<data>
	<div class="content">    
	<h1>Fragments</h1>
<hr/>
<div>Source:</div>
<div><?_wxt expand location="exp_fragments.xml" 
             sourcelocation="fragments.xml" code="xmlcode"?>
</div>
<hr/>
	<h2>Std properties</h2>
	<div>name: <?_wxt fragment id="_name"?></div>
	<div>description: <?_wxt fragment id="_description"?></div>
	<div>id: <?_wxt fragment id="id"?></div> 
	<div>summary: <?_wxt fragment id="_summary"?></div> 
        
	<h2>Script-defined fragments</h2>
	<div>as is: <?_wxt fragment id="f1"?></div> 
	<div>with pathfragment: <?_wxt fragment id="f2"?></div>  
	<hr/>
	<div><?_wxt fragment id="fiso"?></div>
	<div><?_wxt fragment id="fisoexplisitt"?></div>        
	<div><?_wxt fragment id="futf"?></div>        
	</div>
</data>