<?xml version="1.0" encoding="utf-8" standalone="no"?>
<root> <div class="importwiki">
    <h2>
          Fragment1
        </h2>
        <p>This is fragment1</p>
        <table class="odt-table">
          <tr>
            <td>
              <p>Square 1,1</p>
            </td>
            <td>
              <p>Square 1,2</p>
            </td>
          </tr>
          <tr>
            <td>
              <p>Square 2,1</p>
            </td>
            <td>
              <p>Square 2,2</p>
            </td>
          </tr>
        </table>
        </div>
</root>
