<?xml version="1.0" encoding="utf-8" standalone="no"?>
<root> <div class="importwiki">
    <h3> Underarter</h3>

<p>IUCN anerkjenner seks nålevende underarter. Flere av disse er
truet av utryddelse. Mange av dem lever dessuten i så fjerne og
uframkommelige strøk at man vitenskapelig sett ikke kan konkludere
med at nye studier ikke vil kunne avdekke ny og uventet
informasjon. Tre tidligere anerkjente underarter regnes alt som
utdødd.</p>

<p/>

<h4> Sibirtiger</h4>

<div class="thumb tright">
<div class="thumbinner">
        <a class="external" href="http://no.wikipedia.org/wiki/Fil:P_tigris_altaica_map.png" title="Sibirtigerens utbredelse">
          <img alt="" class="thumbimage" height="69" src="bck/no_wikipedia_org_wiki_Tiger/__Underarter/150px_P_tigris_altaica_map.png" width="150"/>
        </a> 

<div class="thumbcaption">
<div class="magnify">
            <a class="external" href="http://no.wikipedia.org/wiki/Fil:P_tigris_altaica_map.png" title="Forstørr">
              <img alt="" height="11" src="bck/no_wikipedia_org_wiki_Tiger/__Underarter/magnify_clip.png" width="15"/>
            </a>
          </div>

Sibirtigerens utbredelse</div>
</div>
</div>

<p>
      <a class="external" href="http://no.wikipedia.org/wiki/Sibirtiger" title="Sibirtiger">Sibirtiger</a>
(<i>P. t. altaica</i>) er en kritisk truet (CR) underart. Den
kalles også <a class="external" href="http://no.wikipedia.org/wiki/Amurtiger" title="Amurtiger">amurtiger</a> og er den fysisk største av alle
underartene. Bestanden i Russland har siden 1996 hatt en positiv
utvikling, og er på omlag 500 dyr, totalbestanden er estimert til å
være omlag 600 <a class="external" href="http://news.independent.co.uk/world/asia/article2447636.ece" rel="nofollow" title="http://news.independent.co.uk/world/asia/article2447636.ece">[1]</a>. I tillegg finnes nærmere 600
sibirtigre i fangenskap.</p>

<p>Sibirtigeren finnes først og fremst i <a class="external" href="http://no.wikipedia.org/wiki/Sikhote-Alinfjellene" title="Sikhote-Alinfjellene">Sikhote-Alinfjellene</a> i <a class="external" href="http://no.wikipedia.org/wiki/Russland" title="Russland">Øst-Russland</a>, men noen
få holder også til i <a class="external" href="http://no.wikipedia.org/wiki/Changbaifjellene" title="Changbaifjellene">Changbaifjellene</a> i <a class="external" href="http://no.wikipedia.org/wiki/Folkerepublikken_Kina" title="Folkerepublikken Kina">Nordøst-Kina</a> og helt nord i <a class="external" href="http://no.wikipedia.org/wiki/Nord-Korea" title="Nord-Korea">Nord-Korea</a>.</p>

<p/>

<h4> Sørkinatiger</h4>

<div class="thumb tright">
<div class="thumbinner">
        <a class="external" href="http://no.wikipedia.org/wiki/Fil:P_tigris_amoyensis_map.png" title="Sørkinatigerens utbredelse">
          <img alt="" class="thumbimage" height="69" src="bck/no_wikipedia_org_wiki_Tiger/__Underarter/150px_P_tigris_amoyensis_map.png" width="150"/>
        </a> 

<div class="thumbcaption">
<div class="magnify">
            <a class="external" href="http://no.wikipedia.org/wiki/Fil:P_tigris_amoyensis_map.png" title="Forstørr">
              <img alt="" height="11" src="bck/no_wikipedia_org_wiki_Tiger/__Underarter/magnify_clip.png" width="15"/>
            </a>
          </div>

Sørkinatigerens utbredelse</div>
</div>
</div>

<p>
      <a class="external" href="http://no.wikipedia.org/wiki/S%C3%B8rkinatiger" title="Sørkinatiger">Sørkinatiger</a> (<i>P. t. amoyensis</i>) er
en kritisk truet (CR) underart og kalles også <a class="external" href="http://no.wikipedia.org/wiki/Amoytiger" title="Amoytiger">amoytiger</a>, <a class="external" href="http://no.wikipedia.org/wiki/Xiamentiger" title="Xiamentiger">xiamentiger</a> og <a class="external" href="http://no.wikipedia.org/wiki/Kinatiger" title="Kinatiger">kinatiger</a>. Det finnes i dag 47 (<a class="external" href="http://no.wikipedia.org/wiki/2004" title="2004">2004</a>) sørkinatigre som overlever
i 18 dyrhager, alle etterkommere av 6 viltfangede tigre.</p>

<p>Sørkinatiger er dessverre så godt som utryddet i vill tilstand.
Forskere antar at det er færre enn 20 viltlevende individer igjen,
og den har ikke vært observert av offisielle representanter siden
tidlig på <a class="external" href="http://no.wikipedia.org/wiki/1980-tallet" title="1980-tallet">1980-tallet</a>. Fra <a class="external" href="http://no.wikipedia.org/wiki/Fujian" title="Fujian">Fujian-provinsen</a> er det spredd rykter om en
såkalt <i>maltesertiger</i>, som skal være blå i fargen og ha
lysere grå striper langs sidene. Den har imidlertid ikke latt seg
verifisere så langt. Om den eksisterer er den trolig i
fargevarietet.</p>

<p/>

<h4> Indokinatiger</h4>

<div class="thumb tright">
<div class="thumbinner">
        <a class="external" href="http://no.wikipedia.org/wiki/Fil:P_tigris_corbetti_map.png" title="Indokinatigerens utbredelse">
          <img alt="" class="thumbimage" height="69" src="bck/no_wikipedia_org_wiki_Tiger/__Underarter/150px_P_tigris_corbetti_map.png" width="150"/>
        </a> 

<div class="thumbcaption">
<div class="magnify">
            <a class="external" href="http://no.wikipedia.org/wiki/Fil:P_tigris_corbetti_map.png" title="Forstørr">
              <img alt="" height="11" src="bck/no_wikipedia_org_wiki_Tiger/__Underarter/magnify_clip.png" width="15"/>
            </a>
          </div>

Indokinatigerens utbredelse</div>
</div>
</div>

<p>
      <a class="external" href="http://no.wikipedia.org/wiki/Indokinatiger" title="Indokinatiger">Indokinatiger</a> (<i>P. t. corbetti</i>)
kalles også <a class="external" href="http://no.wikipedia.org/wiki/Corbettstiger" title="Corbettstiger">corbettstiger</a>, og er en truet underart som
først ble oppdaget og beskrevet i <a class="external" href="http://no.wikipedia.org/wiki/1968" title="1968">1968</a>.</p>

<p>Indokinatigeren lever i et stort område, som bl.a. inkluderer
land som <a class="external" href="http://no.wikipedia.org/wiki/Kambodsja" title="Kambodsja">Kambodsja</a>,
<a class="external" href="http://no.wikipedia.org/wiki/Folkerepublikken_Kina" title="Folkerepublikken Kina">Folkerepublikken Kina</a> (sørlige
deler), <a class="external" href="http://no.wikipedia.org/wiki/Laos" title="Laos">Laos</a>, <a class="external" href="http://no.wikipedia.org/wiki/Myanmar" title="Myanmar">Myanmar</a> (østlige deler), <a class="external" href="http://no.wikipedia.org/wiki/Thailand" title="Thailand">Thailand</a> og <a class="external" href="http://no.wikipedia.org/wiki/Vietnam" title="Vietnam">Vietnam</a>. Det er estimert
at det finnes ca 12001800individer igjen, men antallet
minsker som følge av liten eller ingen beskyttelse i flere av
landene. Såvidt kjent finnes det pr. <a class="external" href="http://no.wikipedia.org/wiki/2005" title="2005">2005</a> ca 60 indokinatigre i fangenskap, fordelt på
land i Asia og <a class="external" href="http://no.wikipedia.org/wiki/USA" title="USA">USA</a>.</p>

<p>Fram til <a class="external" href="http://no.wikipedia.org/wiki/Desember" title="Desember">desember</a>
2004 ble den også kalt <a class="external" href="http://no.wikipedia.org/wiki/Malaysiatiger" title="Malaysiatiger">malaysiatiger</a>, men da oppdaget man at
tigerne som levde i de mer sørlige strøkene var så unike at de
måtte klassifiseres som en egen underart.</p>

<p/>

<h4> Malaysiatiger</h4>

<div class="thumb tright">
<div class="thumbinner">
        <a class="external" href="http://no.wikipedia.org/wiki/Fil:P_tigris_jacksoni.png" title="Malaysiatigerens utbredelse">
          <img alt="" class="thumbimage" height="69" src="bck/no_wikipedia_org_wiki_Tiger/__Underarter/150px_P_tigris_jacksoni.png" width="150"/>
        </a> 

<div class="thumbcaption">
<div class="magnify">
            <a class="external" href="http://no.wikipedia.org/wiki/Fil:P_tigris_jacksoni.png" title="Forstørr">
              <img alt="" height="11" src="bck/no_wikipedia_org_wiki_Tiger/__Underarter/magnify_clip.png" width="15"/>
            </a>
          </div>

Malaysiatigerens utbredelse</div>
</div>
</div>

<p>
      <a class="external" href="http://no.wikipedia.org/wiki/Malaysiatiger" title="Malaysiatiger">Malaysiatiger</a> (<i>P. t. jacksoni</i>) er
trolig en kritisk truet underart som holder til på <a class="external" href="http://no.wikipedia.org/wiki/Malayahalv%C3%B8ya" title="Malayahalvøya">Malayahalvøya</a> i <a class="external" href="http://no.wikipedia.org/wiki/Malaysia" title="Malaysia">Malaysia</a>. Den ble oppdaget av et team av
forskere ledet av Stephen J. O'Brien. De tok for seg 134tigre
fra Russland, India, Kina og andre land i området og utførte en
omfattende DNA-analyse av disse dyrenes genmateriale. Det ble da
oppdaget at de sydlige tigrene på Malayahalvøya var nokså
forskjellige fra indokinatigeren, og ble omklassifisert som en egen
underart.</p>

<p>Malaysiatigeren er altså så lik indokinatigeren at de hittil har
vært betraktet som en og samme underart, men det er distinkte
forskjeller mellom dem. Den skal ha en liten utbredelse syd for <a class="external" href="http://no.wikipedia.org/wiki/Phuket" title="Phuket">Phuket</a> i
Thailand, men hovedbestanden finnes syd for <a class="external" href="http://no.wikipedia.org/wiki/Songkhla" title="Songkhla">Songkhla</a> i Thailand og
sydover inn i de sentrale fjellstrøkene på Malayahalvøya.</p>

<p/>

<h4> Sumatratiger</h4>

<div class="thumb tright">
<div class="thumbinner">
        <a class="external" href="http://no.wikipedia.org/wiki/Fil:P_tigris_sumatrae_map.png" title="Sumatratigerens utbredelse">
          <img alt="" class="thumbimage" height="69" src="bck/no_wikipedia_org_wiki_Tiger/__Underarter/150px_P_tigris_sumatrae_map.png" width="150"/>
        </a> 

<div class="thumbcaption">
<div class="magnify">
            <a class="external" href="http://no.wikipedia.org/wiki/Fil:P_tigris_sumatrae_map.png" title="Forstørr">
              <img alt="" height="11" src="bck/no_wikipedia_org_wiki_Tiger/__Underarter/magnify_clip.png" width="15"/>
            </a>
          </div>

Sumatratigerens utbredelse</div>
</div>
</div>

<p>
      <a class="external" href="http://no.wikipedia.org/wiki/Sumatratiger" title="Sumatratiger">Sumatratiger</a> (<i>P. t. sumatrae</i>) er en
kritisk truet (CR) underart som kun finnes på øya <a class="external" href="http://no.wikipedia.org/wiki/Sumatra" title="Sumatra">Sumatra</a> i <a class="external" href="http://no.wikipedia.org/wiki/Indonesia" title="Indonesia">Indonesia</a>, der den i
all vesentlighet overlever i fem nasjonalreservater. Man tror den
har vært isolert på øya i ca
1000012000år.</p>

<p>Moderne forskning med <a class="external" href="http://no.wikipedia.org/wiki/DNA" title="DNA">DNA</a>
har nylig avdekket at denne tigeren kanskje må reklassifiseres som
en egen art (altså i stedet for en underart), selv om det er for
tidlig å dra en slik konklusjon.</p>

<p>Man antar at ca 400500individer overlever i vill
tilstand. I tillegg kommer ca 235 tigre som overlever i fangenskap,
alle etterkommere av 37 viltfangende tigre. 61 tigre
(32hanner og 29hunner) har blitt omplassert til øya <a class="external" href="http://no.wikipedia.org/wiki/Java_(%C3%B8y)" title="Java (øy)">Java</a>.</p>

<p/>

<h4> Bengaltiger</h4>

<div class="thumb tright">
<div class="thumbinner">
        <a class="external" href="http://no.wikipedia.org/wiki/Fil:P_tigris_tigris_map.png" title="Bengaltigerens utbredelse">
          <img alt="" class="thumbimage" height="69" src="bck/no_wikipedia_org_wiki_Tiger/__Underarter/150px_P_tigris_tigris_map.png" width="150"/>
        </a> 

<div class="thumbcaption">
<div class="magnify">
            <a class="external" href="http://no.wikipedia.org/wiki/Fil:P_tigris_tigris_map.png" title="Forstørr">
              <img alt="" height="11" src="bck/no_wikipedia_org_wiki_Tiger/__Underarter/magnify_clip.png" width="15"/>
            </a>
          </div>

Bengaltigerens utbredelse</div>
</div>
</div>

<p>
      <a class="external" href="http://no.wikipedia.org/wiki/Bengaltiger" title="Bengaltiger">Bengaltiger</a>
(<i>P. t. tigris</i>) kalles også <a class="external" href="http://no.wikipedia.org/wiki/Kongetiger" title="Kongetiger">kongetiger</a> og er den
mest tallrike av dagens underarter. Den finnes i primært i <a class="external" href="http://no.wikipedia.org/wiki/India" title="India">India</a>, selv om små
populasjoner også eksisterer i <a class="external" href="http://no.wikipedia.org/wiki/Bangladesh" title="Bangladesh">Bangladesh</a>, <a class="external" href="http://no.wikipedia.org/wiki/Bhutan" title="Bhutan">Bhutan</a>, <a class="external" href="http://no.wikipedia.org/wiki/Nepal" title="Nepal">Nepal</a> og deler av Kina.</p>

<p>Man har til nå antatt at det fantes omkring
30004750 bengaltigre igjen i verden, selv om
tallene har vært usikre, hvorav cirka 3642 i India (2002),
men bruk av ny teknikk har gitt nye og svært nedslående estimater.
En indisk rapport fra uke 8 i <a class="external" href="http://no.wikipedia.org/wiki/2008" title="2008">2008</a> estimerer antallet tigre i Indida til kun
1411 dyr<sup class="reference"/>. I tillegg kommer ca
200bengaltigre som lever i fangenskap rundt om i verden.
Bengaltigeren er mindre enn sibirtigeren, og gjerne mørkere og
klarere i fargene. Det finnes også noen hvite eksemplarer.</p>

<p/>

</div>
</root>
