<?xml version="1.0" encoding="utf-8" standalone="no"?>
<div> <div class="importwiki">
    <h3>Subspecies</h3>
<div class="thumb tright">
<div class="thumbinner">
        <a class="external" href="http://en.wikipedia.org/wiki/File:A_tiger_in_Pilibhit_Tiger_Reserve.jpg">
          <img alt="" class="thumbimage" height="194" src="wikiback/en_wikipedia_org_wiki_Tiger/_Physical_characteristics__taxonomy_and_evolution_Subspecies/180px_A_tiger_in_Pilibhit_Tiger_Reserve.jpg" width="180"/>
        </a>
<div class="thumbcaption">
<div class="magnify">
            <a class="external" href="http://en.wikipedia.org/wiki/File:A_tiger_in_Pilibhit_Tiger_Reserve.jpg" title="Enlarge">
              <img alt="" height="11" src="wikiback/en_wikipedia_org_wiki_Tiger/_Physical_characteristics__taxonomy_and_evolution_Subspecies/magnify_clip.png" width="15"/>
            </a>
          </div>
A <a class="external" href="http://en.wikipedia.org/wiki/Bengal_tiger" title="Bengal tiger">Bengal tigress</a> with her cub.</div>
</div>
</div>
<p>There are nine recent <a class="external" href="http://en.wikipedia.org/wiki/Subspecies" title="Subspecies">subspecies</a> of tiger, two of which are <a class="external" href="http://en.wikipedia.org/wiki/Extinction" title="Extinction">extinct</a>. Their historical range (severely diminished today) ran through <a class="external" href="http://en.wikipedia.org/wiki/Bangladesh" title="Bangladesh">Bangladesh</a>, <a class="external" href="http://en.wikipedia.org/wiki/Siberia" title="Siberia">Siberia</a>, <a class="external" href="http://en.wikipedia.org/wiki/Iran" title="Iran">Iran</a>, <a class="external" href="http://en.wikipedia.org/wiki/Afghanistan" title="Afghanistan">Afghanistan</a>, <a class="external" href="http://en.wikipedia.org/wiki/India" title="India">India</a>, <a class="external" href="http://en.wikipedia.org/wiki/China" title="China">China</a>, and <a class="external" href="http://en.wikipedia.org/wiki/Southeast_Asia" title="Southeast Asia">southeast Asia</a>, including some <a class="external" href="http://en.wikipedia.org/wiki/Indonesia" title="Indonesia">Indonesian islands</a>. The surviving subspecies, in descending order of wild population, are:</p>
<ul>
<li>The <b>
          <a class="external" href="http://en.wikipedia.org/wiki/Bengal_tiger" title="Bengal tiger">Bengal tiger</a>
        </b> or the <b>Royal Bengal tiger</b> (<i>Panthera tigris tigris</i>) is the most common subspecies of tiger and is found primarily in <a class="external" href="http://en.wikipedia.org/wiki/India" title="India">India</a> and <a class="external" href="http://en.wikipedia.org/wiki/Bangladesh" title="Bangladesh">Bangladesh</a>.<sup class="reference" id="cite_ref-18"/> It lives in varied habitats: grasslands, subtropical and tropical rainforests, scrub forests, wet and dry deciduous forests, and mangroves. Males in the wild usually weigh 205 to 227 kg (450 to 500 lb), while the average female will weigh about 141 kg.<sup class="reference" id="cite_ref-university2002_19-0"/> However, the northern Indian and the Nepalese Bengal tigers are somewhat bulkier than those found in the south of the Indian Subcontinent, with males averaging around 235 kilograms (520 lb).<sup class="reference" id="cite_ref-university2002_19-1"/> While conservationists already believed the population to be below 2,000,<sup class="reference" id="cite_ref-20"/> the most recent audit by the Indian Government's <a class="external" href="http://en.wikipedia.org/wiki/National_Tiger_Conservation_Authority" title="National Tiger Conservation Authority">National Tiger Conservation Authority</a> has estimated the number at just 1,411 wild tigers (1165–1657 allowing for <a class="external" href="http://en.wikipedia.org/wiki/Errors_and_residuals_in_statistics" title="Errors and residuals in statistics">statistical error</a>), a drop of 60% in the past decade.<sup class="reference" id="cite_ref-21"/> Since 1972, there has been a massive wildlife conservation project, known as <a class="external" href="http://en.wikipedia.org/wiki/Project_Tiger" title="Project Tiger">Project Tiger</a>, to protect the Bengal tiger. Despite increased efforts by Indian officials, poaching remains rampant and at least one Tiger Reserve (<a class="external" href="http://en.wikipedia.org/wiki/Sariska_Tiger_Reserve" title="Sariska Tiger Reserve">Sariska Tiger Reserve</a>) has lost its entire tiger population to poaching.<sup class="reference" id="cite_ref-22"/>
      </li>
</ul>
<div class="thumb tright">
<div class="thumbinner">
        <a class="external" href="http://en.wikipedia.org/wiki/File:Tiger_032.jpg">
          <img alt="" class="thumbimage" height="123" src="wikiback/en_wikipedia_org_wiki_Tiger/_Physical_characteristics__taxonomy_and_evolution_Subspecies/180px_Tiger_032.jpg" width="180"/>
        </a>
<div class="thumbcaption">
<div class="magnify">
            <a class="external" href="http://en.wikipedia.org/wiki/File:Tiger_032.jpg" title="Enlarge">
              <img alt="" height="11" src="wikiback/en_wikipedia_org_wiki_Tiger/_Physical_characteristics__taxonomy_and_evolution_Subspecies/magnify_clip.png" width="15"/>
            </a>
          </div>
Indochinese tiger</div>
</div>
</div>
<ul>
<li>The <b>
          <a class="external" href="http://en.wikipedia.org/wiki/Indochinese_Tiger" title="Indochinese Tiger">Indochinese Tiger</a>
        </b> (<i>Panthera tigris corbetti</i>), also called <i>Corbett's</i> tiger, is found in <a class="external" href="http://en.wikipedia.org/wiki/Cambodia" title="Cambodia">Cambodia</a>, China, <a class="external" href="http://en.wikipedia.org/wiki/Laos" title="Laos">Laos</a>, <a class="external" href="http://en.wikipedia.org/wiki/Burma" title="Burma">Burma</a>, <a class="external" href="http://en.wikipedia.org/wiki/Thailand" title="Thailand">Thailand</a>, and <a class="external" href="http://en.wikipedia.org/wiki/Vietnam" title="Vietnam">Vietnam</a>. These tigers are smaller and darker than Bengal tigers: Males weigh from 150–190 kg (330–420 lb) while females are smaller at 110–140 kg (240–310 lb). Their preferred habitat is forests in mountainous or hilly regions. Estimates of the Indochinese tiger population vary between 1,200 to 1,800, with only several hundred left in the wild. All existing populations are at extreme risk from <a class="external" href="http://en.wikipedia.org/wiki/Poaching" title="Poaching">poaching</a>, prey depletion as a result of poaching of primary prey species such as deer and wild pigs, <a class="external" href="http://en.wikipedia.org/wiki/Habitat_fragmentation" title="Habitat fragmentation">habitat fragmentation</a> and <a class="external" href="http://en.wikipedia.org/wiki/Inbreeding" title="Inbreeding">inbreeding</a>. In Vietnam, almost three-quarters of the tigers killed provide stock for Chinese pharmacies.</li>
</ul>
<div class="thumb tleft">
<div class="thumbinner">
        <a class="external" href="http://en.wikipedia.org/wiki/File:Tiger_in_the_water.jpg">
          <img alt="" class="thumbimage" height="145" src="wikiback/en_wikipedia_org_wiki_Tiger/_Physical_characteristics__taxonomy_and_evolution_Subspecies/180px_Tiger_in_the_water.jpg" width="180"/>
        </a>
<div class="thumbcaption">
<div class="magnify">
            <a class="external" href="http://en.wikipedia.org/wiki/File:Tiger_in_the_water.jpg" title="Enlarge">
              <img alt="" height="11" src="wikiback/en_wikipedia_org_wiki_Tiger/_Physical_characteristics__taxonomy_and_evolution_Subspecies/magnify_clip.png" width="15"/>
            </a>
          </div>
Malayan tiger</div>
</div>
</div>
<ul>
<li>The <b>
          <a class="external" href="http://en.wikipedia.org/wiki/Malayan_Tiger" title="Malayan Tiger">Malayan Tiger</a>
        </b> (<i>Panthera tigris jacksoni</i>), exclusively found in the southern part of the <a class="external" href="http://en.wikipedia.org/wiki/Malay_Peninsula" title="Malay Peninsula">Malay Peninsula</a>, was not considered a subspecies in its own right until 2004. The new classification came about after a study by Luo et al. from the <a class="external" href="http://en.wikipedia.org/w/index.php?title=Laboratory_of_Genomic_Diversity&amp;action=edit&amp;redlink=1" title="Laboratory of Genomic Diversity (page does not exist)">Laboratory of Genomic Diversity</a> Study,<sup class="reference" id="cite_ref-23"/> part of the <a class="external" href="http://en.wikipedia.org/wiki/National_Cancer_Institute" title="National Cancer Institute">National Cancer Institute</a> of the United States. Recent counts showed there are 600–800 tigers in the wild, making it the third largest tiger population, behind the Bengal tiger and the Indochinese tiger. The Malayan tiger is the smallest of the mainland tiger subspecies, and the second smallest living subspecies, with males averaging about 120 kg and females about 100 kg in weight. The Malayan tiger is a national icon in Malaysia, appearing on its <a class="external" href="http://en.wikipedia.org/wiki/Emblem_of_Malaysia" title="Emblem of Malaysia">coat of arms</a> and in logos of Malaysian institutions, such as <a class="external" href="http://en.wikipedia.org/wiki/Maybank" title="Maybank">Maybank</a>.</li>
</ul>
<div class="thumb tright">
<div class="thumbinner">
        <a class="external" href="http://en.wikipedia.org/wiki/File:Panthera_tigris_sumatran_subspecies.jpg">
          <img alt="" class="thumbimage" height="135" src="wikiback/en_wikipedia_org_wiki_Tiger/_Physical_characteristics__taxonomy_and_evolution_Subspecies/180px_Panthera_tigris_sumatran_subspecies.jpg" width="180"/>
        </a>
<div class="thumbcaption">
<div class="magnify">
            <a class="external" href="http://en.wikipedia.org/wiki/File:Panthera_tigris_sumatran_subspecies.jpg" title="Enlarge">
              <img alt="" height="11" src="wikiback/en_wikipedia_org_wiki_Tiger/_Physical_characteristics__taxonomy_and_evolution_Subspecies/magnify_clip.png" width="15"/>
            </a>
          </div>
Sumatran tiger</div>
</div>
</div>
<ul>
<li>The <b>
          <a class="external" href="http://en.wikipedia.org/wiki/Sumatran_Tiger" title="Sumatran Tiger">Sumatran Tiger</a>
        </b> (<i>Panthera tigris sumatrae</i>) is found only on the Indonesian island of <a class="external" href="http://en.wikipedia.org/wiki/Sumatra" title="Sumatra">Sumatra</a>, and is <a class="external" href="http://en.wikipedia.org/wiki/Critically_endangered_species" title="Critically endangered species">critically endangered</a>.<sup class="reference" id="cite_ref-24"/> It is the smallest of all living tiger subspecies, with adult males weighing between 100–140 kg (220–310 lb) and females 75–110 kg (170–240 lb).<sup class="reference" id="cite_ref-25"/> Their small size is an adaptation to the thick, dense forests of the island of Sumatra where they reside, as well as the smaller-sized prey. The wild population is estimated at between 400 and 500, seen chiefly in the island's <a class="external" href="http://en.wikipedia.org/wiki/List_of_national_parks_of_Indonesia" title="List of national parks of Indonesia">national parks</a>. Recent genetic testing has revealed the presence of unique genetic markers, indicating that it may develop into a separate species,<sup class="noprint Inline-Template" title="The text preceeding this tag needs specification from July 2008">[<i>
            <a class="external" href="http://en.wikipedia.org/wiki/Wikipedia:Citing_sources" title="Wikipedia:Citing sources">specify</a>
          </i>]</sup> if it does not go extinct.<sup class="reference" id="cite_ref-26"/> This has led to suggestions that Sumatran tigers should have greater priority for conservation than any other subspecies. While <a class="external" href="http://en.wikipedia.org/wiki/Habitat_destruction" title="Habitat destruction">habitat destruction</a> is the main threat to existing tiger population (logging continues even in the supposedly protected national parks), 66 tigers were recorded as being shot and killed between 1998 and 2000, or nearly 20% of the total population.</li>
</ul>
<div class="thumb tright">
<div class="thumbinner">
        <a class="external" href="http://en.wikipedia.org/wiki/File:Tiger_in_the_snow_at_the_Detroit_Zoo_March_2008_pic_2.jpg">
          <img alt="" class="thumbimage" height="135" src="wikiback/en_wikipedia_org_wiki_Tiger/_Physical_characteristics__taxonomy_and_evolution_Subspecies/180px_Tiger_in_the_snow_at_the_Detroit_Zoo_March_2008_pic_2.jpg" width="180"/>
        </a>
<div class="thumbcaption">
<div class="magnify">
            <a class="external" href="http://en.wikipedia.org/wiki/File:Tiger_in_the_snow_at_the_Detroit_Zoo_March_2008_pic_2.jpg" title="Enlarge">
              <img alt="" height="11" src="wikiback/en_wikipedia_org_wiki_Tiger/_Physical_characteristics__taxonomy_and_evolution_Subspecies/magnify_clip.png" width="15"/>
            </a>
          </div>
Siberian tiger</div>
</div>
</div>
<ul>
<li>The <b>
          <a class="external" href="http://en.wikipedia.org/wiki/Siberian_tiger" title="Siberian tiger">Siberian tiger</a>
        </b> (<i>Panthera tigris altaica</i>), also known as the <i>Amur</i>, <i>Manchurian</i>, <i>Altaic</i>, <i>Korean</i> or <i>North China</i> tiger, is confined to the <a class="external" href="http://en.wikipedia.org/wiki/Amur_River" title="Amur River">Amur</a>-<a class="external" href="http://en.wikipedia.org/wiki/Ussuri_River" title="Ussuri River">Ussuri</a> region of <a class="external" href="http://en.wikipedia.org/wiki/Primorsky_Krai" title="Primorsky Krai">Primorsky Krai</a> and <a class="external" href="http://en.wikipedia.org/wiki/Khabarovsk_Krai" title="Khabarovsk Krai">Khabarovsk Krai</a> in far eastern <a class="external" href="http://en.wikipedia.org/wiki/Siberia" title="Siberia">Siberia</a>, where it is now protected. Considered the largest subspecies, with a head and body length of 190–230 cm (the tail of a tiger is 60–110 cm long) and an average weight of around 227 kilograms (500 lb) for males,<sup class="reference" id="cite_ref-university2002_19-2"/> the Amur tiger is also noted for its thick coat, distinguished by a paler golden hue and fewer stripes. The heaviest wild Siberian tiger on record weighed in at 384 kg,<sup class="reference" id="cite_ref-27"/> but according to <a class="external" href="http://en.wikipedia.org/wiki/Vratislav_Maz%C3%A1k" title="Vratislav Mazák">Mazak</a> these giants are not confirmed via reliable references.<sup class="reference" id="cite_ref-der-tiger_14-2"/> Even so, a six-month old Siberian tiger can be as big as a fully grown <a class="external" href="http://en.wikipedia.org/wiki/Leopard" title="Leopard">leopard</a>. The last two censuses (1996 and 2005) found 450–500 Amur tigers within their single, and more or less continuous, range making it one of the largest undivided tiger populations in the world. Genetic research in 2009 demonstrated that the Siberian tiger, and the western "<a class="external" href="http://en.wikipedia.org/wiki/Caspian_tiger" title="Caspian tiger">Caspian tiger</a>" (once thought to have been a separate subspecies that became extinct in the wild in the late 1950s<sup class="reference" id="cite_ref-casp_28-0"/>
        <sup class="reference" id="cite_ref-casp2_29-0"/>) are actually the same subspecies, since the separation of the two populations may have occurred as recently as the past century due to human intervention.<sup class="reference" id="cite_ref-driscoll_30-0"/>
      </li>
</ul>
<div class="thumb tright">
<div class="thumbinner">
        <a class="external" href="http://en.wikipedia.org/wiki/File:Panthera_tigris_amoyensis.jpg">
          <img alt="" class="thumbimage" height="120" src="wikiback/en_wikipedia_org_wiki_Tiger/_Physical_characteristics__taxonomy_and_evolution_Subspecies/180px_Panthera_tigris_amoyensis.jpg" width="180"/>
        </a>
<div class="thumbcaption">
<div class="magnify">
            <a class="external" href="http://en.wikipedia.org/wiki/File:Panthera_tigris_amoyensis.jpg" title="Enlarge">
              <img alt="" height="11" src="wikiback/en_wikipedia_org_wiki_Tiger/_Physical_characteristics__taxonomy_and_evolution_Subspecies/magnify_clip.png" width="15"/>
            </a>
          </div>
South China tiger</div>
</div>
</div>
<ul>
<li>The <b>
          <a class="external" href="http://en.wikipedia.org/wiki/South_China_Tiger" title="South China Tiger">South China Tiger</a>
        </b> (<i>Panthera tigris amoyensis</i>), also known as the <i>Amoy</i> or <i>Xiamen</i> tiger, is the most critically endangered subspecies of tiger and is listed as one of the 10 most endangered animals in the world.<sup class="reference" id="cite_ref-31"/>
        <sup class="noprint Inline-Template" title="The text in the vicinity of this tag needs clarification or removal of jargon from August 2008">[<i>
            <a class="external" href="http://en.wikipedia.org/wiki/Wikipedia:Please_clarify" title="Wikipedia:Please clarify">clarification needed</a>
          </i>]</sup> One of the smaller tiger subspecies, the length of the South China tiger ranges from 2.2–2.6 m (87–100 in) for both males and females. Males weigh between 127 and 177 kg (280 and 390 lb) while females weigh between 100 and 118 kg (220 and 260 lb). From 1983 to 2007, no South China tigers were sighted.<sup class="reference" id="cite_ref-xinhua_32-0"/> In 2007 a farmer spotted a tiger and handed in photographs to the authorities as proof.<sup class="reference" id="cite_ref-xinhua_32-1"/>
        <sup class="reference" id="cite_ref-33"/> The photographs in question, however, were later exposed as fake, copied from a Chinese calendar and photoshopped, and the “sighting” turned into a massive scandal.<sup class="reference" id="cite_ref-34"/>
        <sup class="reference" id="cite_ref-35"/>
        <sup class="reference" id="cite_ref-36"/>
      </li>
</ul>
<p>In 1977, the Chinese government passed a law banning the killing of wild tigers, but this may have been too late to save the subspecies, since it is possibly already extinct in the wild. There are currently 59 known captive South China tigers, all within China, but these are known to be descended from only six animals. Thus, the <a class="external" href="http://en.wikipedia.org/wiki/Genetic_diversity" title="Genetic diversity">genetic diversity</a> required to maintain the subspecies may no longer exist. Currently, there are breeding efforts to reintroduce these tigers to the wild.</p>
</div>
</div>
