<?xml version="1.0" encoding="utf-8" standalone="no"?>
<root> <div class="importwiki">
    <h2> Nature</h2>

<p>Halden is surrounded by forests and water so hiking and fishing
locations can easily be found. Deer and elk are a common sight, and wolves have also been observed
in the district along the border with Sweden. Raspberries, blackberries, blueberries, wild cranberries, and many varieties of mushroom can be found in
the woods in the early autumn. Popular destinations for hikers and
other nature lovers include Prestebakke and Kornsjø.</p>

<p>Halden's meteorologi12cal station is at Buer. </p>

<p/>

</div>
</root>
