<?xml version="1.0" encoding="utf-8" standalone="no"?>
<root> <div class="importwiki">
    <h3> Hunting and diet</h3>

<p>A successful generalist predator, the cougar will eat any animal it
can catch, from insects
to large ungulates
(over 500 kg). Like all cats, it is an obligate carnivore, feeding only on meat.
The Mean weight of vertebrate prey (MWVP) was positively correlated
(r=0.875) with puma body weight and inversely correlated (r=-0.836)
with food niche breadth in all America. In general,
MWVP was lower in areas closer to the Equator.
Its most important prey species are various deer species,
particularly in North America; mule deer, white-tailed deer, elk, and even the large moose are taken by the cat.
Other species such as Bighorn Sheep, wild horses of
Arizona, domestic horses, and domestic livestock such as cattle
and sheep are also primary food bases in many areas. A
survey of North America research found 68% of prey items were
ungulates, especially deer. Only the Florida Panther showed
variation, often preferring feral hogs and armadillos.</p>

<div class="thumb tright">
<div class="thumbinner">
 

<div class="thumbcaption">
<div class="magnify">
            <img alt="" height="11" src="bck/en_wikipedia_org_wiki_Cougar/__Hunting_and_diet/magnify_clip.png" width="15"/>
          </div>

Cougars are ambush predators, feeding mostly on deer and other
mammals.</div>
</div>
</div>

<p>Investigation in Yellowstone National Park
showed that elk, followed by mule deer, were the cougar's primary
targets; the prey base is shared with the park's gray wolves, with whom
the cougar competes for resources.
Another study on winter kills (NovemberApril) in Alberta showed that
ungulates accounted for greater than 99% of the cougar diet.
Learned, individual prey recognition was observed, as some cougars
rarely killed bighorn sheep, while others relied heavily
on the species.</p>

<p>In the Central and South American cougar range, the ratio of
deer in the diet declines. Small to mid-size mammals are preferred,
including large rodents such as the capybara. Ungulates accounted for only 35% of
prey items in one survey, approximately half that of North America.
Competition with the larger jaguar has been suggested for the
decline in the size of prey items.
Other listed prey species of the cougar include mice, porcupine, and hares. Birds and small reptiles
are sometimes preyed upon in the south, but this is rarely recorded
in North America.</p>

<p>Though capable of sprinting, the cougar is typically an ambush
predator. It stalks through brush and trees, across ledges, or
other covered spots, before delivering a powerful leap onto the
back of its prey and a suffocating neck bite. The cougar is capable
of breaking the neck of some of its smaller prey with a strong bite
and momentum bearing the animal to the ground.
It has a flexible spine which aids its killing technique.</p>

<p>Kills are generally estimated at around one large ungulate every
two weeks. The period shrinks for females raising young, and may be
as short as one kill every three days when cubs are nearly mature
at around 15 months.
The cat drags a kill to a preferred spot, covers it with brush, and
returns to feed over a period of days. It is generally reported
that the cougar is a non-scavenger and will rarely consume prey it has
not killed; but deer carcasses left exposed for study were
scavenged by cougars in California, suggesting more opportunistic
behavior.</p>

<p/>

</div>
</root>
