<?xml version="1.0" encoding="utf-8" standalone="no"?>
<root> <div class="importwiki">
    <h2> Aktuelle kurs</h2>

<p>
      <b>Programmering for web</b>
    </p>

<p>Kurs for 3.klasse. Programmeringen innebærer: Python,
javascript, XSLT. Det skal lages webapplikasjoner.</p>

<p>Programmering for web</p>

<p>
      <b>Innføring i programmering</b>
    </p>

<p>Dette er begynnerkurset i programmering for 1.klasse.
Javaprogrammering</p>

<p>Innføring i programmering</p>

<p>
      <br/>
</p>


</div>
</root>
