<?xml version="1.0" encoding="utf-8" standalone="no"?>
<div> <div class="importwiki">
    <h2>
          de Casteljau
        </h2>
        <p>The starting point is the parametrical form for a line:</p>
        <div class="formula">
          <math xmlns="http://www.w3.org/1998/Math/MathML">
            <semantics>
              <mtable>
                <mtr>
                  <mrow>
                    <mrow>
                      <mi>P</mi>
                      <mrow>
                        <mrow>
                          <mo stretchy="false">(</mo>
                          <mn>0</mn>
                          <mo stretchy="false">)</mo>
                        </mrow>
                        <mo stretchy="false">=</mo>
                        <msub>
                          <mi>P</mi>
                          <mn>0</mn>
                        </msub>
                      </mrow>
                    </mrow>
                  </mrow>
                </mtr>
                <mtr>
                  <mrow>
                    <mrow>
                      <mi>P</mi>
                      <mrow>
                        <mrow>
                          <mo stretchy="false">(</mo>
                          <mn>1</mn>
                          <mo stretchy="false">)</mo>
                        </mrow>
                        <mo stretchy="false">=</mo>
                        <msub>
                          <mi>P</mi>
                          <mn>1</mn>
                        </msub>
                      </mrow>
                    </mrow>
                  </mrow>
                </mtr>
                <mtr>
                  <mrow>
                    <mrow>
                      <mi>P</mi>
                      <mrow>
                        <mrow>
                          <mo stretchy="false">(</mo>
                          <mi>t</mi>
                          <mo stretchy="false">)</mo>
                        </mrow>
                        <mo stretchy="false">=</mo>
                        <mrow>
                          <mrow>
                            <mrow>
                              <mo stretchy="false">(</mo>
                              <mrow>
                                <mn>1</mn>
                                <mo stretchy="false">−</mo>
                                <mi>t</mi>
                              </mrow>
                              <mo stretchy="false">)</mo>
                            </mrow>
                            <mo stretchy="false">⋅</mo>
                            <msub>
                              <mi>P</mi>
                              <mn>0</mn>
                            </msub>
                          </mrow>
                          <mo stretchy="false">+</mo>
                          <mrow>
                            <mi>t</mi>
                            <mo stretchy="false">⋅</mo>
                            <msub>
                              <mi>P</mi>
                              <mn>1</mn>
                            </msub>
                          </mrow>
                        </mrow>
                      </mrow>
                    </mrow>
                  </mrow>
                </mtr>
              </mtable>
            </semantics>
          </math>
        </div>
        <p>According to de Casteljaus algorithm we may consider this as special case of a Bezier curve, a linear Bezier curve. </p>
        <p>The algorithm can be described after the following scheme, where we imagine that t runs from 0 to 1: </p>
        <table class="odt-table" id="Tabell1">
          <tr>
            <td>
              <img alt="bilder1" class="image" src="wikiback/web_wxtdemos_demo9_Bezier/_de_Casteljau/100002000000009800000043D2632B95.gif" title="bilder1"/>
            </td>
            <td>
              <div class="formula">
                <math xmlns="http://www.w3.org/1998/Math/MathML">
                  <semantics>
                    <mrow>
                      <mi>P</mi>
                      <mrow>
                        <mrow>
                          <mo stretchy="false">(</mo>
                          <mi>t</mi>
                          <mo stretchy="false">)</mo>
                        </mrow>
                        <mo stretchy="false">=</mo>
                        <mrow>
                          <mrow>
                            <mrow>
                              <mo stretchy="false">(</mo>
                              <mrow>
                                <mn>1</mn>
                                <mo stretchy="false">−</mo>
                                <mi>t</mi>
                              </mrow>
                              <mo stretchy="false">)</mo>
                            </mrow>
                            <mo stretchy="false">⋅</mo>
                            <msub>
                              <mi>P</mi>
                              <mn>0</mn>
                            </msub>
                          </mrow>
                          <mo stretchy="false">+</mo>
                          <msub>
                            <mi>P</mi>
                            <mn>1</mn>
                          </msub>
                        </mrow>
                      </mrow>
                    </mrow>
                  </semantics>
                </math>
              </div>
            </td>
          </tr>
          <tr>
            <td>
              <img alt="bilder2" class="image" src="wikiback/web_wxtdemos_demo9_Bezier/_de_Casteljau/10000200000000A30000006A3CE57845.gif" title="bilder2"/>
            </td>
            <td>
              <div class="formula">
                <math xmlns="http://www.w3.org/1998/Math/MathML">
                  <semantics>
                    <mrow>
                      <mi>P</mi>
                      <mrow>
                        <mrow>
                          <mo stretchy="false">(</mo>
                          <mi>t</mi>
                          <mo stretchy="false">)</mo>
                        </mrow>
                        <mo stretchy="false">=</mo>
                        <mrow>
                          <mrow>
                            <mo stretchy="false">(</mo>
                            <mrow>
                              <mn>1</mn>
                              <mo stretchy="false">−</mo>
                              <mi>t</mi>
                            </mrow>
                            <mo stretchy="false">)</mo>
                          </mrow>
                          <mo stretchy="false">⋅</mo>
                          <mi>A</mi>
                        </mrow>
                      </mrow>
                      <mrow>
                        <mrow>
                          <mo stretchy="false">(</mo>
                          <mi>t</mi>
                          <mo stretchy="false">)</mo>
                        </mrow>
                        <mo stretchy="false">+</mo>
                        <mrow>
                          <mi>t</mi>
                          <mo stretchy="false">⋅</mo>
                          <mi>B</mi>
                        </mrow>
                      </mrow>
                      <mrow>
                        <mo stretchy="false">(</mo>
                        <mi>t</mi>
                        <mo stretchy="false">)</mo>
                      </mrow>
                    </mrow>
                  </semantics>
                </math>
              </div>
              <p>and</p>
              <div class="formula">
                <math xmlns="http://www.w3.org/1998/Math/MathML">
                  <semantics>
                    <mtable>
                      <mtr>
                        <mrow>
                          <mi>A</mi>
                          <mrow>
                            <mrow>
                              <mo stretchy="false">(</mo>
                              <mi>t</mi>
                              <mo stretchy="false">)</mo>
                            </mrow>
                            <mo stretchy="false">=</mo>
                            <mrow>
                              <mrow>
                                <mrow>
                                  <mo stretchy="false">(</mo>
                                  <mrow>
                                    <mn>1</mn>
                                    <mo stretchy="false">−</mo>
                                    <mi>t</mi>
                                  </mrow>
                                  <mo stretchy="false">)</mo>
                                </mrow>
                                <mo stretchy="false">⋅</mo>
                                <msub>
                                  <mi>P</mi>
                                  <mn>0</mn>
                                </msub>
                              </mrow>
                              <mo stretchy="false">+</mo>
                              <mrow>
                                <mi>t</mi>
                                <mo stretchy="false">⋅</mo>
                                <msub>
                                  <mi>P</mi>
                                  <mn>1</mn>
                                </msub>
                              </mrow>
                            </mrow>
                          </mrow>
                        </mrow>
                      </mtr>
                      <mtr>
                        <mrow>
                          <mi>B</mi>
                          <mrow>
                            <mrow>
                              <mo stretchy="false">(</mo>
                              <mi>t</mi>
                              <mo stretchy="false">)</mo>
                            </mrow>
                            <mo stretchy="false">=</mo>
                            <mrow>
                              <mrow>
                                <mrow>
                                  <mo stretchy="false">(</mo>
                                  <mrow>
                                    <mn>1</mn>
                                    <mo stretchy="false">−</mo>
                                    <mi>t</mi>
                                  </mrow>
                                  <mo stretchy="false">)</mo>
                                </mrow>
                                <mo stretchy="false">⋅</mo>
                                <msub>
                                  <mi>P</mi>
                                  <mn>1</mn>
                                </msub>
                              </mrow>
                              <mo stretchy="false">+</mo>
                              <mrow>
                                <mi>t</mi>
                                <mo stretchy="false">⋅</mo>
                                <msub>
                                  <mi>P</mi>
                                  <mn>2</mn>
                                </msub>
                              </mrow>
                            </mrow>
                          </mrow>
                        </mrow>
                      </mtr>
                    </mtable>
                  </semantics>
                </math>
              </div>
              <p>giving</p>
              <div class="formula">
                <math xmlns="http://www.w3.org/1998/Math/MathML">
                  <semantics>
                    <mrow>
                      <mi>P</mi>
                      <mrow>
                        <mrow>
                          <mo stretchy="false">(</mo>
                          <mi>t</mi>
                          <mo stretchy="false">)</mo>
                        </mrow>
                        <mo stretchy="false">=</mo>
                        <mrow>
                          <mrow>
                            <mrow>
                              <msup>
                                <mrow>
                                  <mo stretchy="false">(</mo>
                                  <mrow>
                                    <mn>1</mn>
                                    <mo stretchy="false">−</mo>
                                    <mi>t</mi>
                                  </mrow>
                                  <mo stretchy="false">)</mo>
                                </mrow>
                                <mn>2</mn>
                              </msup>
                              <mo stretchy="false">⋅</mo>
                              <msub>
                                <mi>P</mi>
                                <mn>0</mn>
                              </msub>
                            </mrow>
                            <mo stretchy="false">+</mo>
                            <mrow>
                              <mrow>
                                <mrow>
                                  <mn>2</mn>
                                  <mo stretchy="false">⋅</mo>
                                  <mi>t</mi>
                                </mrow>
                                <mo stretchy="false">⋅</mo>
                                <mrow>
                                  <mo stretchy="false">(</mo>
                                  <mrow>
                                    <mn>1</mn>
                                    <mo stretchy="false">−</mo>
                                    <mi>t</mi>
                                  </mrow>
                                  <mo stretchy="false">)</mo>
                                </mrow>
                              </mrow>
                              <mo stretchy="false">⋅</mo>
                              <msub>
                                <mi>P</mi>
                                <mn>1</mn>
                              </msub>
                            </mrow>
                          </mrow>
                          <mo stretchy="false">+</mo>
                          <mrow>
                            <msup>
                              <mi>t</mi>
                              <mn>2</mn>
                            </msup>
                            <mo stretchy="false">⋅</mo>
                            <msub>
                              <mi>P</mi>
                              <mn>2</mn>
                            </msub>
                          </mrow>
                        </mrow>
                      </mrow>
                    </mrow>
                  </semantics>
                </math>
              </div>
            </td>
          </tr>
          <tr>
            <td>
              <img alt="bilder3" class="image" src="wikiback/web_wxtdemos_demo9_Bezier/_de_Casteljau/10000200000000AB000000864D850E19.gif" title="bilder3"/>
            </td>
            <td>
              <div class="formula">
                <math xmlns="http://www.w3.org/1998/Math/MathML">
                  <semantics>
                    <mrow>
                      <mi>P</mi>
                      <mrow>
                        <mrow>
                          <mo stretchy="false">(</mo>
                          <mi>t</mi>
                          <mo stretchy="false">)</mo>
                        </mrow>
                        <mo stretchy="false">=</mo>
                        <mrow>
                          <mrow>
                            <mo stretchy="false">(</mo>
                            <mrow>
                              <mn>1</mn>
                              <mo stretchy="false">−</mo>
                              <mi>t</mi>
                            </mrow>
                            <mo stretchy="false">)</mo>
                          </mrow>
                          <mo stretchy="false">⋅</mo>
                          <mi>D</mi>
                        </mrow>
                      </mrow>
                      <mrow>
                        <mrow>
                          <mo stretchy="false">(</mo>
                          <mi>t</mi>
                          <mo stretchy="false">)</mo>
                        </mrow>
                        <mo stretchy="false">+</mo>
                        <mrow>
                          <mi>t</mi>
                          <mo stretchy="false">⋅</mo>
                          <mi>E</mi>
                        </mrow>
                      </mrow>
                      <mrow>
                        <mo stretchy="false">(</mo>
                        <mi>t</mi>
                        <mo stretchy="false">)</mo>
                      </mrow>
                    </mrow>
                  </semantics>
                </math>
              </div>
              <p>and</p>
              <div class="formula">
                <math xmlns="http://www.w3.org/1998/Math/MathML">
                  <semantics>
                    <mtable>
                      <mtr>
                        <mrow>
                          <mi>D</mi>
                          <mrow>
                            <mrow>
                              <mo stretchy="false">(</mo>
                              <mi>t</mi>
                              <mo stretchy="false">)</mo>
                            </mrow>
                            <mo stretchy="false">=</mo>
                            <mrow>
                              <mrow>
                                <mo stretchy="false">(</mo>
                                <mrow>
                                  <mn>1</mn>
                                  <mo stretchy="false">−</mo>
                                  <mi>t</mi>
                                </mrow>
                                <mo stretchy="false">)</mo>
                              </mrow>
                              <mo stretchy="false">⋅</mo>
                              <mi>A</mi>
                            </mrow>
                          </mrow>
                          <mrow>
                            <mrow>
                              <mo stretchy="false">(</mo>
                              <mi>t</mi>
                              <mo stretchy="false">)</mo>
                            </mrow>
                            <mo stretchy="false">+</mo>
                            <mrow>
                              <mi>t</mi>
                              <mo stretchy="false">⋅</mo>
                              <mi>B</mi>
                            </mrow>
                          </mrow>
                          <mrow>
                            <mo stretchy="false">(</mo>
                            <mi>t</mi>
                            <mo stretchy="false">)</mo>
                          </mrow>
                        </mrow>
                      </mtr>
                      <mtr>
                        <mrow>
                          <mi>E</mi>
                          <mrow>
                            <mrow>
                              <mo stretchy="false">(</mo>
                              <mi>t</mi>
                              <mo stretchy="false">)</mo>
                            </mrow>
                            <mo stretchy="false">=</mo>
                            <mrow>
                              <mrow>
                                <mo stretchy="false">(</mo>
                                <mrow>
                                  <mn>1</mn>
                                  <mo stretchy="false">−</mo>
                                  <mi>t</mi>
                                </mrow>
                                <mo stretchy="false">)</mo>
                              </mrow>
                              <mo stretchy="false">⋅</mo>
                              <mi>B</mi>
                            </mrow>
                          </mrow>
                          <mrow>
                            <mrow>
                              <mo stretchy="false">(</mo>
                              <mi>t</mi>
                              <mo stretchy="false">)</mo>
                            </mrow>
                            <mo stretchy="false">+</mo>
                            <mrow>
                              <mi>t</mi>
                              <mo stretchy="false">⋅</mo>
                              <mi>C</mi>
                            </mrow>
                          </mrow>
                          <mrow>
                            <mo stretchy="false">(</mo>
                            <mi>t</mi>
                            <mo stretchy="false">)</mo>
                          </mrow>
                        </mrow>
                      </mtr>
                    </mtable>
                  </semantics>
                </math>
              </div>
              <p>and</p>
              <div class="formula">
                <math xmlns="http://www.w3.org/1998/Math/MathML">
                  <semantics>
                    <mtable>
                      <mtr>
                        <mrow>
                          <mi>A</mi>
                          <mrow>
                            <mrow>
                              <mo stretchy="false">(</mo>
                              <mi>t</mi>
                              <mo stretchy="false">)</mo>
                            </mrow>
                            <mo stretchy="false">=</mo>
                            <mrow>
                              <mrow>
                                <mrow>
                                  <mo stretchy="false">(</mo>
                                  <mrow>
                                    <mn>1</mn>
                                    <mo stretchy="false">−</mo>
                                    <mi>t</mi>
                                  </mrow>
                                  <mo stretchy="false">)</mo>
                                </mrow>
                                <mo stretchy="false">⋅</mo>
                                <msub>
                                  <mi>P</mi>
                                  <mn>0</mn>
                                </msub>
                              </mrow>
                              <mo stretchy="false">+</mo>
                              <mrow>
                                <mi>t</mi>
                                <mo stretchy="false">⋅</mo>
                                <msub>
                                  <mi>P</mi>
                                  <mn>1</mn>
                                </msub>
                              </mrow>
                            </mrow>
                          </mrow>
                        </mrow>
                      </mtr>
                      <mtr>
                        <mrow>
                          <mi>B</mi>
                          <mrow>
                            <mrow>
                              <mo stretchy="false">(</mo>
                              <mi>t</mi>
                              <mo stretchy="false">)</mo>
                            </mrow>
                            <mo stretchy="false">=</mo>
                            <mrow>
                              <mrow>
                                <mrow>
                                  <mo stretchy="false">(</mo>
                                  <mrow>
                                    <mn>1</mn>
                                    <mo stretchy="false">−</mo>
                                    <mi>t</mi>
                                  </mrow>
                                  <mo stretchy="false">)</mo>
                                </mrow>
                                <mo stretchy="false">⋅</mo>
                                <msub>
                                  <mi>P</mi>
                                  <mn>1</mn>
                                </msub>
                              </mrow>
                              <mo stretchy="false">+</mo>
                              <mrow>
                                <mi>t</mi>
                                <mo stretchy="false">⋅</mo>
                                <msub>
                                  <mi>P</mi>
                                  <mn>2</mn>
                                </msub>
                              </mrow>
                            </mrow>
                          </mrow>
                        </mrow>
                      </mtr>
                      <mtr>
                        <mrow>
                          <mi>C</mi>
                          <mrow>
                            <mrow>
                              <mo stretchy="false">(</mo>
                              <mi>t</mi>
                              <mo stretchy="false">)</mo>
                            </mrow>
                            <mo stretchy="false">=</mo>
                            <mrow>
                              <mrow>
                                <mrow>
                                  <mo stretchy="false">(</mo>
                                  <mrow>
                                    <mn>1</mn>
                                    <mo stretchy="false">−</mo>
                                    <mi>t</mi>
                                  </mrow>
                                  <mo stretchy="false">)</mo>
                                </mrow>
                                <mo stretchy="false">⋅</mo>
                                <msub>
                                  <mi>P</mi>
                                  <mn>2</mn>
                                </msub>
                              </mrow>
                              <mo stretchy="false">+</mo>
                              <mrow>
                                <mi>t</mi>
                                <mo stretchy="false">⋅</mo>
                                <msub>
                                  <mi>P</mi>
                                  <mn>3</mn>
                                </msub>
                              </mrow>
                            </mrow>
                          </mrow>
                        </mrow>
                      </mtr>
                    </mtable>
                  </semantics>
                </math>
              </div>
              <p>giving:</p>
              <div class="formula">
                <math xmlns="http://www.w3.org/1998/Math/MathML">
                  <semantics>
                    <mrow>
                      <mi>P</mi>
                      <mrow>
                        <mrow>
                          <mo stretchy="false">(</mo>
                          <mi>t</mi>
                          <mo stretchy="false">)</mo>
                        </mrow>
                        <mo stretchy="false">=</mo>
                        <mrow>
                          <mrow>
                            <mrow>
                              <mrow>
                                <msup>
                                  <mrow>
                                    <mo stretchy="false">(</mo>
                                    <mrow>
                                      <mn>1</mn>
                                      <mo stretchy="false">−</mo>
                                      <mi>t</mi>
                                    </mrow>
                                    <mo stretchy="false">)</mo>
                                  </mrow>
                                  <mn>3</mn>
                                </msup>
                                <mo stretchy="false">⋅</mo>
                                <msub>
                                  <mi>P</mi>
                                  <mn>0</mn>
                                </msub>
                              </mrow>
                              <mo stretchy="false">+</mo>
                              <mrow>
                                <mrow>
                                  <mrow>
                                    <mn>3</mn>
                                    <mo stretchy="false">⋅</mo>
                                    <mi>t</mi>
                                  </mrow>
                                  <mo stretchy="false">⋅</mo>
                                  <msup>
                                    <mrow>
                                      <mo stretchy="false">(</mo>
                                      <mrow>
                                        <mn>1</mn>
                                        <mo stretchy="false">−</mo>
                                        <mi>t</mi>
                                      </mrow>
                                      <mo stretchy="false">)</mo>
                                    </mrow>
                                    <mn>2</mn>
                                  </msup>
                                </mrow>
                                <mo stretchy="false">⋅</mo>
                                <msub>
                                  <mi>P</mi>
                                  <mn>1</mn>
                                </msub>
                              </mrow>
                            </mrow>
                            <mo stretchy="false">+</mo>
                            <mrow>
                              <mrow>
                                <mrow>
                                  <mn>3</mn>
                                  <mo stretchy="false">⋅</mo>
                                  <msup>
                                    <mi>t</mi>
                                    <mn>2</mn>
                                  </msup>
                                </mrow>
                                <mo stretchy="false">⋅</mo>
                                <mrow>
                                  <mo stretchy="false">(</mo>
                                  <mrow>
                                    <mn>1</mn>
                                    <mo stretchy="false">−</mo>
                                    <mi>t</mi>
                                  </mrow>
                                  <mo stretchy="false">)</mo>
                                </mrow>
                              </mrow>
                              <mo stretchy="false">⋅</mo>
                              <msub>
                                <mi>P</mi>
                                <mn>2</mn>
                              </msub>
                            </mrow>
                          </mrow>
                          <mo stretchy="false">+</mo>
                          <mrow>
                            <msup>
                              <mi>t</mi>
                              <mn>3</mn>
                            </msup>
                            <mo stretchy="false">⋅</mo>
                            <msub>
                              <mi>P</mi>
                              <mn>3</mn>
                            </msub>
                          </mrow>
                        </mrow>
                      </mrow>
                    </mrow>
                  </semantics>
                </math>
              </div>
            </td>
          </tr>
        </table>
        <p>The last expression is the same as the one we reached above, when we used a general polynomial of third degree and constraints for the endpoints and the derivative in the endpoints as a starting point. </p>
        <p>It is easy to convince oneself that we can repeat the de Casteljau algorithm with further control points, P4, P5 etc. </p>
        </div>
</div>
