﻿<?xml version="1.0" encoding="UTF-8"?>
<!DOCTYPE math:math PUBLIC "-//OpenOffice.org//DTD Modified W3C MathML 1.01//EN" "math.dtd">

<div>
<math:math xmlns:math="http://www.w3.org/1998/Math/MathML">


<math:semantics><math:mrow><math:mo math:stretchy="false">â„•</math:mo><math:mo math:stretchy="false">=</math:mo><math:mrow><math:mo math:stretchy="false">{</math:mo><math:mrow><math:mn>1,</math:mn><math:mn>2,</math:mn><math:mn>3,</math:mn><math:mn>4,</math:mn><math:mn>5,</math:mn><math:mn>...</math:mn></math:mrow><math:mo math:stretchy="false">}</math:mo></math:mrow></math:mrow><math:annotation math:encoding="StarMath 5.0"> setN =lbrace 1, 2, 3, 4, 5, ...  rbrace
 
 
 </math:annotation></math:semantics></math:math>
 </div>