﻿<?xml version="1.0" encoding="utf-8"?>
<data>
<div class="content">    
<h1>WIKIPEDIA import</h1>
<hr/>
<div>
	<?_wxt moduletoc tags="h1,h2,h3" cols="1"?>
</div>
<hr/>
<div>
View source: 
<?_wxt expand sourcelocation="Norway.xml" 
       location="norwaysrc.txt" code="xmlcode"?>
</div>
<hr/>
<p>
	Testing import av WIKIPEDIA fragments
</p>
<hr/>
<div>
	<h1>Norway</h1>
	<?_wxt importwiki   
		location="http://en.wikipedia.org/wiki/Norway" 
		keeprefs="no"
		usecopy="yes"
		dpath="//Prehistory[*]"?>
</div>
</div>
</data>
