﻿<?xml version="1.0" encoding="UTF-8"?>
<!DOCTYPE html PUBLIC "-//W3C//DTD XHTML 1.0 Strict//EN"
     "http://www.w3.org/TR/xhtml1/DTD/xhtml1-strict.dtd">  
<html xmlns="http://www.w3.org/1999/xhtml">
<head>
	<meta http-equiv="Content-Type" content="text/html; charset=utf-8"></meta>
	<title><?_wxt fragment id="_name"?></title>
	<link rel="STYLESHEET" href="stdstyle.css"/>
	<link rel="STYLESHEET" href="specialstyles.css"/>
	<script type="text/javascript" src="prototype.js"> </script>
	<script type="text/javascript" src="std.js"> </script>
</head>
<body>
	<div>
	<?_wxt fragment id="banner"?>
	</div>
<table>
	<tr>
	<td valign="top" style="width:160px">
		<?_wxt modulemenu summary="no"?>
		<div style="margin-left:20px; margin-top:20px">
		</div>
	</td>
	<td valign="top">
	<h1><?_wxt fragment id="_description"?></h1>
	<div><?_wxt collect books="pages" xpath="//div[@class='ingress']/*"?></div>
	</td>  
	</tr>
</table>
<div><?_wxt fragment id="footer"?></div>
</body>
</html>