<?xml version="1.0" encoding="utf-8" standalone="no"?>
<div> <div class="importwiki">
    <h2>
          Line
        </h2>
        <p>Let us look a straight line in a plane as a simple first example. </p>
        <img alt="bilder1" class="image" src="wikiback/wxtweb_wxtdemos_demo7_doc3/_Line/1000020000000108000000B0CB4B0E2B.gif" title="bilder1"/>
        <p>The triangles P1,A,P and P1,B,P2 are similar and we can set up the following: </p>
        <div class="formula">
          <math xmlns="http://www.w3.org/1998/Math/MathML">
            <semantics>
              <mrow>
                <mfrac>
                  <mrow>
                    <msub>
                      <mi>y</mi>
                      <mn>2</mn>
                    </msub>
                    <mo stretchy="false">−</mo>
                    <msub>
                      <mi>y</mi>
                      <mn>1</mn>
                    </msub>
                  </mrow>
                  <mrow>
                    <mi>x</mi>
                    <mo stretchy="false">−</mo>
                    <msub>
                      <mi>x</mi>
                      <mn>1</mn>
                    </msub>
                  </mrow>
                </mfrac>
                <mo stretchy="false">=</mo>
                <mfrac>
                  <mrow>
                    <msub>
                      <mi>y</mi>
                      <mn>2</mn>
                    </msub>
                    <mo stretchy="false">−</mo>
                    <msub>
                      <mi>y</mi>
                      <mn>1</mn>
                    </msub>
                  </mrow>
                  <mrow>
                    <msub>
                      <mi>x</mi>
                      <mn>2</mn>
                    </msub>
                    <mo stretchy="false">−</mo>
                    <msub>
                      <mi>x</mi>
                      <mn>1</mn>
                    </msub>
                  </mrow>
                </mfrac>
              </mrow>
            </semantics>
          </math>
        </div>
        <p>and find for example y expressed by coordinates for the two known points and x. </p>
        <div class="formula">
          <math xmlns="http://www.w3.org/1998/Math/MathML">
            <semantics>
              <mrow>
                <mi>y</mi>
                <mo stretchy="false">=</mo>
                <mrow>
                  <mrow>
                    <mfrac>
                      <mrow>
                        <msub>
                          <mi>y</mi>
                          <mn>2</mn>
                        </msub>
                        <mo stretchy="false">−</mo>
                        <msub>
                          <mi>y</mi>
                          <mn>1</mn>
                        </msub>
                      </mrow>
                      <mrow>
                        <msub>
                          <mi>x</mi>
                          <mn>2</mn>
                        </msub>
                        <mo stretchy="false">−</mo>
                        <msub>
                          <mi>x</mi>
                          <mn>1</mn>
                        </msub>
                      </mrow>
                    </mfrac>
                    <mo stretchy="false">∗</mo>
                    <mrow>
                      <mo stretchy="false">(</mo>
                      <mrow>
                        <mi>x</mi>
                        <mo stretchy="false">−</mo>
                        <msub>
                          <mi>x</mi>
                          <mn>1</mn>
                        </msub>
                      </mrow>
                      <mo stretchy="false">)</mo>
                    </mrow>
                  </mrow>
                  <mo stretchy="false">+</mo>
                  <msub>
                    <mi>y</mi>
                    <mn>1</mn>
                  </msub>
                </mrow>
              </mrow>
            </semantics>
          </math>
        </div>
        <p>As an alternative we could set up a parametric equation for the line. Parametric means that the expression contains a parameter, t, that changes when we run along the line. For a line in the plane we get two parametric expressions, one for x and one for y. Since we have a line, both are linear. </p>
        <div class="formula">
          <math xmlns="http://www.w3.org/1998/Math/MathML">
            <semantics>
              <mtable>
                <mtr>
                  <mrow>
                    <mi>P</mi>
                    <mo stretchy="false">=</mo>
                    <mrow>
                      <msub>
                        <mi>P</mi>
                        <mn>1</mn>
                      </msub>
                      <mo stretchy="false">+</mo>
                      <mrow>
                        <mi>t</mi>
                        <mo stretchy="false">⋅</mo>
                        <mrow>
                          <mo stretchy="false">(</mo>
                          <mrow>
                            <msub>
                              <mi>P</mi>
                              <mn>2</mn>
                            </msub>
                            <mo stretchy="false">−</mo>
                            <msub>
                              <mi>P</mi>
                              <mn>1</mn>
                            </msub>
                          </mrow>
                          <mo stretchy="false">)</mo>
                        </mrow>
                      </mrow>
                    </mrow>
                  </mrow>
                </mtr>
                <mtr/>
                <mtr>
                  <mrow>
                    <mi>x</mi>
                    <mrow>
                      <mrow>
                        <mo stretchy="false">(</mo>
                        <mi>t</mi>
                        <mo stretchy="false">)</mo>
                      </mrow>
                      <mo stretchy="false">=</mo>
                      <mrow>
                        <msub>
                          <mi>x</mi>
                          <mn>1</mn>
                        </msub>
                        <mo stretchy="false">+</mo>
                        <mrow>
                          <mrow>
                            <mo stretchy="false">(</mo>
                            <mrow>
                              <msub>
                                <mi>x</mi>
                                <mn>2</mn>
                              </msub>
                              <mo stretchy="false">−</mo>
                              <msub>
                                <mi>x</mi>
                                <mn>1</mn>
                              </msub>
                            </mrow>
                            <mo stretchy="false">)</mo>
                          </mrow>
                          <mo stretchy="false">⋅</mo>
                          <mi>t</mi>
                        </mrow>
                      </mrow>
                    </mrow>
                  </mrow>
                </mtr>
                <mtr>
                  <mrow>
                    <mi>y</mi>
                    <mrow>
                      <mrow>
                        <mo stretchy="false">(</mo>
                        <mi>t</mi>
                        <mo stretchy="false">)</mo>
                      </mrow>
                      <mo stretchy="false">=</mo>
                      <mrow>
                        <msub>
                          <mi>y</mi>
                          <mn>1</mn>
                        </msub>
                        <mo stretchy="false">+</mo>
                        <mrow>
                          <mrow>
                            <mo stretchy="false">(</mo>
                            <mrow>
                              <msub>
                                <mi>y</mi>
                                <mn>2</mn>
                              </msub>
                              <mo stretchy="false">−</mo>
                              <msub>
                                <mi>y</mi>
                                <mn>1</mn>
                              </msub>
                            </mrow>
                            <mo stretchy="false">)</mo>
                          </mrow>
                          <mo stretchy="false">⋅</mo>
                          <mi>t</mi>
                        </mrow>
                      </mrow>
                    </mrow>
                  </mrow>
                </mtr>
              </mtable>
            </semantics>
          </math>
        </div>
      </div>
</div>
