<?xml version="1.0" encoding="UTF-8"?>
<!DOCTYPE html PUBLIC "-//W3C//DTD XHTML 1.0 Strict//EN"
     "http://www.w3.org/TR/xhtml1/DTD/xhtml1-strict.dtd">
<html xmlns="http://www.w3.org/1999/xhtml" xml:lang="en" lang="en"> 
<head>
	<meta http-equiv="Content-Type" content="text/html; charset=UTF-8"/>
	<title><?_wxt fragment id="_name"?></title>
    <link rel="STYLESHEET" href="../commons/wxtstyle.css"/>
	<link rel="STYLESHEET" href="demostyle.css"/>
    <script type="text/javascript" src="../commons/prototype.js"> </script>
	<script type="text/javascript" src="../commons/wxtjs.js"> </script> 

</head>
<body>
	<table>
	<tr>
	<td valign="top">
		<?_wxt modulemenu summary="yes" books="all"?>
	</td>
	<td valign="top">
		<div class="maincontent" style="margin-left:50px">
		<?_wxt importxml xpath="//div[@id='main']"?>
		</div>
		<div id="source">
		<?_wxt importxml xpath="//div[@id='pagesource']"?>
		</div>
	</td>           
	</tr>
	</table>
	<div class="signature">
		 Generated by: <?_wxt stamp?>
	</div>
</body>
</html>