<?xml version="1.0" encoding="UTF-8"?>
<!DOCTYPE html PUBLIC "-//W3C//DTD XHTML 1.0 Strict//EN"
     "http://www.w3.org/TR/xhtml1/DTD/xhtml1-strict.dtd">
<html xmlns="http://www.w3.org/1999/xhtml" xml:lang="en" lang="en">
<head>
	<meta http-equiv="Content-Type" content="text/html; charset=utf-8"></meta>
        <title><?_wxt fragment id="_name"?></title>
	<link rel="STYLESHEET" href="stdstyle.css"/>
        <link rel="STYLESHEET" href="helpstyle.css"/>

</head>

<body>

<div class="maincontent" style="margin-left:50px">
    <?_wxt importxml xpath="//body"?>
</div>

<div class="signature">
    Generated by: <?_wxt stamp?>, <?_wxt date country="en"?>
</div>
    

</body>
</html>