<?xml version="1.0" encoding="utf-8" standalone="no"?>
<root> <div class="importwiki">
    <h3> Subspecies</h3>

<p>Until the late 1990s, as many as 32 subspecies were recorded; however, a recent
genetic study of mitochondrial DNA
found that many of these are too similar to be recognized as
distinct at a molecular level. Following the research, the
canonical <i>Mammal Species of the
World</i> (3rd edition) recognizes six subspecies, five of
which are solely found in Latin America:</p>

<dl>
<dt>Argentine puma <span>(<i>Puma
concolor cabrerae</i>)</span>
      </dt>

<dd>includes the previous subspecies and synonyms <i>hudsonii</i>
and <i>puma</i> (Marcelli, 1922);</dd>

<dt>Costa Rican Cougar <span>(<i>Puma concolor
costaricensis</i>)</span>
      </dt>

<dt>Eastern South American cougar <span>(<i>Puma concolor
anthonyi</i>)</span>
      </dt>

<dd>includes the previous subspecies and synonyms <i>acrocodia</i>,
<i>borbensis</i>, <i>capricornensis</i>, <i>concolor</i> (Pelzeln,
1883), <i>greeni</i> and <i>nigra</i>;</dd>

<dt>North American Cougar <span>(<i>Puma concolor
couguar</i>)</span>
      </dt>

<dd>includes the previous subspecies and synonyms
<i>arundivaga</i>, <i>aztecus</i>, <i>browni</i>,
<i>californica</i>, <i>coryi</i>, <i>floridana</i>,
<i>hippolestes</i>, <i>improcera</i>, <i>kaibabensis</i>,
<i>mayensis</i>, <i>missoulensis</i>, <i>olympus</i>,
<i>oregonensis</i>, <i>schorgeri</i>, <i>stanleyana</i>,
<i>vancouverensis</i> and <i>youngi</i>;</dd>

<dt>Northern South American cougar <span>(<i>Puma concolor
concolor</i>)</span>
      </dt>

<dd>includes the previous subspecies and synonyms <i>bangsi</i>,
<i>incarum</i>, <i>osgoodi</i>, <i>soasoaranna</i>,
<i>soderstromii</i>, <i>sucuacuara</i> and <i>wavula</i>;</dd>

<dt>Southern South American puma <span>(<i>Puma concolor
puma</i>)</span>
      </dt>

<dd>includes the previous subspecies and synonyms <i>araucanus</i>,
<i>concolor</i> (Gay, 1847), <i>patagonica</i>, <i>pearsoni</i> and
<i>puma</i> (Trouessart, 1904)</dd>
</dl>

<p>The status of the Florida panther, here collapsed into
the North American Cougar, remains uncertain. It is still regularly
listed as subspecies <i>Puma concolor coryi</i> in research works,
including those directly concerned with its conservation.
Culver <i>et al.</i> themselves noted low microsatellite variation in the Florida
panther, possibly due to inbreeding;
responding to the research, one conservation team suggests "the
degree to which the scientific community has accepted the results
of Culver <i>et al.</i> and the proposed change in taxonomy is not
resolved at this time."</p>

<p/>

</div>
</root>
