﻿<?xml version="1.0" encoding="utf-8"?>
<!DOCTYPE html PUBLIC "-//W3C//DTD XHTML 1.0 Strict//EN" "http://www.w3.org/TR/xhtml1/DTD/xhtml1-strict.dtd">
<html xmlns="http://www.w3.org/1999/xhtml" lang="en" xml:lang="en">
<head>
	<title><?_wxt fragment id="_name"?></title>
	<meta http-equiv="Content-Type" content="text/html; charset=utf-8"/>
	<meta name="GENERATOR" content="wxt2"></meta>
	<link rel="STYLESHEET" href="../../commons/wxtstyle.css"/>
	<link rel="STYLESHEET" href="template.css"/>
	<script src="http://www.it.hiof.no/~borres/allround/prototype.js" type="text/javascript"> </script>
    <script src="../../commons/wxtjs.js" type="text/javascript"> </script>
</head>

<body>



<!-- left menu -->
<div class="menu" id="menu">
	<?_wxt modulemenu summary="yes" books="all"?>
</div>



<!-- content -->
<div class="content">

		<div class="main">
			<?_wxt importxml xpath="//div[@class='mainblock']/*"?>
		</div>

</div><!-- content -->





</body>
</html>