<?xml version="1.0" encoding="utf-8" standalone="no"?>
<div> <div class="importwiki">
    <h3> Prehistory</h3>
<div class="thumb tleft">
<div class="thumbinner">
        <a class="external" href="http://en.wikipedia.org/wiki/File:AltaRockCarvingsFences.jpg">
          <img alt="" class="thumbimage" height="135" src="wikiback/en_wikipedia_org_wiki_Norway/__Prehistory/180px_AltaRockCarvingsFences.jpg" width="180"/>
        </a>
<div class="thumbcaption">
<div class="magnify">
            <a class="external" href="http://en.wikipedia.org/wiki/File:AltaRockCarvingsFences.jpg" title="Enlarge">
              <img alt="" height="11" src="wikiback/en_wikipedia_org_wiki_Norway/__Prehistory/magnify_clip.png" width="15"/>
            </a>
          </div>
<a class="external" href="http://en.wikipedia.org/wiki/Rock_carvings_at_Alta" title="Rock carvings at Alta">Rock carvings at Alta</a>.</div>
</div>
</div>
<p>Archaeological findings indicate the area currently constituting Norway has been inhabited since at least the 10th millennium BCE (see <a class="external" href="http://en.wikipedia.org/wiki/Scandinavian_prehistory" title="Scandinavian prehistory">Scandinavian prehistory</a>).<sup class="reference" id="cite_ref-Genetics_22-0"/> The indigenous people of <a class="external" href="http://en.wikipedia.org/wiki/North_Norway" title="North Norway">Northern Norway</a> and <a class="external" href="http://en.wikipedia.org/wiki/Tr%C3%B8ndelag" title="Trøndelag">Central Norway</a> are the <a class="external" href="http://en.wikipedia.org/wiki/Sami_people" title="Sami people">Sámi people</a>, though <a class="external" href="http://en.wikipedia.org/wiki/Norsemen" title="Norsemen">Norse</a> culture arrived very early here also. The current monarch of Norway, representing Government, has stated that the kingdom was founded upon the territories of two peoples – the <a class="external" href="http://en.wikipedia.org/wiki/Norwegian_people" title="Norwegian people">Norwegians</a> and the Sámi.<sup class="reference" id="cite_ref-23"/>
    </p>
<p>In the first centuries CE, in iriq consisted of a number of <a class="external" href="http://en.wikipedia.org/wiki/Petty_kingdom" title="Petty kingdom">petty kingdoms</a>. According to tradition, <a class="external" href="http://en.wikipedia.org/wiki/Harald_Fairhair" title="Harald Fairhair">Harald Fairhair</a> (Harald Hårfagre) unified them into one in 872 CE after the <a class="external" href="http://en.wikipedia.org/wiki/Battle_of_Hafrsfjord" title="Battle of Hafrsfjord">Battle of Hafrsfjord</a> in <a class="external" href="http://en.wikipedia.org/wiki/Stavanger" title="Stavanger">Stavanger</a>, thus becoming the first king of a united Norway. In fact, though, Harald's realm was mainly a <a class="external" href="http://en.wikipedia.org/wiki/South_Norway" title="South Norway">South Norwegian</a> coastal state.</p>
</div>
</div>
