<?xml version="1.0" encoding="utf-8" standalone="no"?>
<root> <div class="importwiki">
    <h2>
          Fragment2
        </h2>
        <p>This is fragment2 with a list</p>
        <p>We can handle</p>
        <ul class="odt-list">
          <li>
            <p>images</p>
          </li>
          <li>
            <p>lists</p>
          </li>
          <li>
            <p>tables</p>
          </li>
          <li>
            <p>references</p>
          </li>
          <li>
            <p>headings</p>
          </li>
          <li>
            <p>textparagraphs</p>
          </li>
        </ul>
        </div>
</root>
