<?xml version="1.0" encoding="utf-8" standalone="no"?>
<div> <div class="importwiki">
    <table class="infobox geography vcard">
<tr class="adr">
<th align="center" class="mergedtoprow fn org country-name" colspan="3">
          <span>Kingdom of Denmark</span>
<div>
            <span>
              <i>Kongeriget Danmark</i>
            </span>
          </div>
</th>
</tr>
<tr class="mergedtoprow">
<td align="center" class="maptable" colspan="3">
<table align="center">
<tr>
<td align="center">
                <a class="external" href="http://en.wikipedia.org/wiki/File:Flag_of_Denmark.svg" title="Flag of Denmark">
                  <img alt="" class="thumbborder" height="95" src="wikiback/en_wikipedia_org_wiki_Denmark/__table__class__infobox_geography_vcard__/125px_Flag_of_Denmark.svg.png" width="125"/>
                </a>
              </td>
<td align="center">
                <a class="external" href="http://en.wikipedia.org/wiki/File:COA_of_Denmark.svg" title="Coat of arms of Denmark">
                  <img alt="" height="149" src="wikiback/en_wikipedia_org_wiki_Denmark/__table__class__infobox_geography_vcard__/85px_COA_of_Denmark.svg.png" width="85"/>
                </a>
              </td>
</tr>
<tr>
<td align="center">
                <small>
                  <a class="external" href="http://en.wikipedia.org/wiki/Flag_of_Denmark" title="Flag of Denmark">Flag</a>
                </small>
              </td>
<td align="center">
                <small>
                  <a class="external" href="http://en.wikipedia.org/wiki/Coat_of_arms_of_Denmark" title="Coat of arms of Denmark">Coat of arms</a>
                </small>
              </td>
</tr>
</table>
</td>
</tr>
<tr>
<td colspan="3">
          <b>
            <a class="external" href="http://en.wikipedia.org/wiki/Motto" title="Motto">Motto</a>: </b>none<br/>
(<a class="external" href="http://en.wikipedia.org/wiki/Royal_mottos_of_Danish_monarchs" title="Royal mottos of Danish monarchs">Royal motto</a>: <i>Guds hjælp, Folkets kærlighed, Danmarks styrke</i>
          <br/>
<small>"The Help of God, the Love of the People, the Strength of Denmark"</small>)</td>
</tr>
<tr>
<td class="anthem" colspan="3">
          <b>
            <a class="external" href="http://en.wikipedia.org/wiki/National_anthem" title="National anthem">Anthem</a>: </b>
          <i>
            <a class="external" href="http://en.wikipedia.org/wiki/Der_er_et_yndigt_land" title="Der er et yndigt land">Der er et yndigt land</a>
          </i> <small>(national)</small>
          <br/>
<b>
            <a class="external" href="http://en.wikipedia.org/wiki/Royal_anthem" title="Royal anthem">Royal anthem</a>: </b>
          <i>
            <a class="external" href="http://en.wikipedia.org/wiki/Kong_Kristian_stod_ved_h%C3%B8jen_mast" title="Kong Kristian stod ved højen mast">Kong Christian stod ved højen mast</a>
          </i> <small>(royal and national)</small>
        </td>
</tr>
<tr>
<td colspan="3">
<div class="center">
<div class="floatnone">
              <a class="external" href="http://en.wikipedia.org/wiki/File:EU-Denmark.svg" title="Location of Denmark">
                <img alt="" height="210" src="wikiback/en_wikipedia_org_wiki_Denmark/__table__class__infobox_geography_vcard__/250px_EU_Denmark.svg.png" width="250"/>
              </a>
            </div>
</div>
<div>
<div>
              <small>
                <span>Location of <span> </span>
                  <strong class="selflink">Denmark</strong>
                  <span>
                    <span>  </span>
                  </span>(<span>dark green</span>)</span>
              </small>
<p>– on the <a class="external" href="http://en.wikipedia.org/wiki/Europe" title="Europe">European continent</a>
                <span>
                  <span>  </span>
                </span>(<span>light green &amp; dark grey</span>)<br/>
– in the <a class="external" href="http://en.wikipedia.org/wiki/European_Union" title="European Union">European Union</a>
                <span>
                  <span>  </span>
                </span>(<span>light green</span>)  —  [<span>
                  <a class="external" href="http://en.wikipedia.org/wiki/File:EU-Denmark.svg" title="File:EU-Denmark.svg">Legend</a>
                </span>]</p>
</div>
</div>
</td>
</tr>
<tr class="mergedtoprow">
<td colspan="2">
          <b>
            <a class="external" href="http://en.wikipedia.org/wiki/Capital_(political)" title="Capital (political)">Capital</a>
          </b>
          <br/>
<a class="external" href="http://en.wikipedia.org/wiki/List_of_cities_in_Denmark" title="List of cities in Denmark">(and largest city)</a>
        </td>
<td>
          <a class="external" href="http://en.wikipedia.org/wiki/Copenhagen" title="Copenhagen">Copenhagen</a>
          <br/>
<small>
            <span>
              <span class="plainlinks nourlexpansion">
                <a class="external" href="http://stable.toolserver.org/geohack/geohack.php?pagename=Denmark&amp;params=55_43_N_12_34_E_type:country" rel="nofollow">
                  <span class="geo-default">
                    <span class="geo-dms" title="Maps, aerial photos, and other data for this location">
                      <span class="latitude">55°43′N</span> <span class="longitude">12°34′E</span>
                    </span>
                  </span>
                  <span class="geo-multi-punct">﻿ / ﻿</span>
                  <span class="geo-nondefault">
                    <span class="geo-dec" title="Maps, aerial photos, and other data for this location">55.717°N 12.567°E</span>
                    <span>﻿ / <span class="geo">55.717; 12.567</span>
                    </span>
                  </span>
                </a>
              </span>
            </span>
          </small>
        </td>
</tr>
<tr>
<th colspan="2">
          <a class="external" href="http://en.wikipedia.org/wiki/Official_language" title="Official language">Official languages</a>
        </th>
<td>
          <a class="external" href="http://en.wikipedia.org/wiki/Danish_language" title="Danish language">Danish</a>
          <sup>1</sup>
        </td>
</tr>
<tr>
<td colspan="2">
          <b>
            <a class="external" href="http://en.wikipedia.org/wiki/Ethnic_group" title="Ethnic group">Ethnic groups</a>
          </b> </td>
<td>90.5% <a class="external" href="http://en.wikipedia.org/wiki/Danish_people" title="Danish people">Danish</a>, 9.5% other groups (<a class="external" href="http://en.wikipedia.org/wiki/Germans" title="Germans">Germans</a>, <a class="external" href="http://en.wikipedia.org/wiki/Swedes" title="Swedes">Swedes</a>, <a class="external" href="http://en.wikipedia.org/wiki/Norwegians" title="Norwegians">Norwegians</a>, <a class="external" href="http://en.wikipedia.org/wiki/Bosnians" title="Bosnians">Bosnians</a>, <a class="external" href="http://en.wikipedia.org/wiki/Turkish_people" title="Turkish people">Turks</a>, <a class="external" href="http://en.wikipedia.org/wiki/Arab" title="Arab">Arabs</a>, <a class="external" href="http://en.wikipedia.org/wiki/Pakistani" title="Pakistani">Pakistanis</a>, <a class="external" href="http://en.wikipedia.org/wiki/Dutch_people" title="Dutch people">Dutch</a>, <a class="external" href="http://en.wikipedia.org/wiki/Kurds" title="Kurds">Kurds</a>)<sup class="reference" id="cite_ref-DSTimm_0-0"/>
        </td>
</tr>
<tr>
<th colspan="2">
          <a class="external" href="http://en.wikipedia.org/wiki/Demonym" title="Demonym">Demonym</a>
        </th>
<td>
          <a class="external" href="http://en.wikipedia.org/wiki/Danish_people" title="Danish people">Danish</a> or Dane/Danes</td>
</tr>
<tr>
<th colspan="2">
          <a class="external" href="http://en.wikipedia.org/wiki/Government" title="Government">Government</a>
        </th>
<td>
          <a class="external" href="http://en.wikipedia.org/wiki/Parliamentary_system" title="Parliamentary system">Parliamentary democracy</a> and <a class="external" href="http://en.wikipedia.org/wiki/Constitutional_monarchy" title="Constitutional monarchy">Constitutional monarchy</a>
        </td>
</tr>
<tr class="mergedrow">
<td> - </td>
<td>
          <a class="external" href="http://en.wikipedia.org/wiki/List_of_Danish_monarchs" title="List of Danish monarchs">Monarch</a>
        </td>
<td>
          <a class="external" href="http://en.wikipedia.org/wiki/Margrethe_II_of_Denmark" title="Margrethe II of Denmark">Margrethe II</a>
        </td>
</tr>
<tr class="mergedrow">
<td> - </td>
<td>
          <a class="external" href="http://en.wikipedia.org/wiki/Prime_Minister_of_Denmark" title="Prime Minister of Denmark">Prime Minister</a>
        </td>
<td>
          <a class="external" href="http://en.wikipedia.org/wiki/Lars_L%C3%B8kke_Rasmussen" title="Lars Løkke Rasmussen">Lars Løkke Rasmussen</a>
        </td>
</tr>
<tr class="mergedbottomrow">
<td> - </td>
<td>
          <a class="external" href="http://en.wikipedia.org/wiki/Folketing#List_of_Speakers_of_the_Folketing" title="Folketing">Folketing Speaker</a>
        </td>
<td>
          <a class="external" href="http://en.wikipedia.org/wiki/Thor_Pedersen" title="Thor Pedersen">Thor Pedersen</a>
        </td>
</tr>
<tr class="mergedbottomrow">
<td> - </td>
<td>
          <a class="external" href="http://en.wikipedia.org/wiki/Danish_parliamentary_election,_2007" title="Danish parliamentary election, 2007">Current coalition</a>
        </td>
<td>
          <a class="external" href="http://en.wikipedia.org/wiki/Cabinet_of_Lars_L%C3%B8kke_Rasmussen" title="Cabinet of Lars Løkke Rasmussen">VK Coalition</a>
        </td>
</tr>
<tr>
<th colspan="2">Consolidation</th>
<td>8th century </td>
</tr>
<tr>
<th colspan="2">
          <a class="external" href="http://en.wikipedia.org/wiki/European_Union" title="European Union">EU</a> <a class="external" href="http://en.wikipedia.org/wiki/European_Union_member_state" title="European Union member state">accession</a>
        </th>
<td>1 January 1973 (7<sup>th</sup>)</td>
</tr>
<tr class="mergedtoprow">
<th colspan="3">
          <a class="external" href="http://en.wikipedia.org/wiki/Area" title="Area">Area</a>
        </th>
</tr>
<tr class="mergedrow">
<td> - </td>
<td>Total</td>
<td>
          <a class="external" href="http://en.wikipedia.org/wiki/1_E10_m%C2%B2" title="1 E10 m²">43,098.31 km<sup>2</sup>
          </a> (<a class="external" href="http://en.wikipedia.org/wiki/List_of_countries_and_outlying_territories_by_total_area" title="List of countries and outlying territories by total area">134th²</a>)<br/>
16,640 <a class="external" href="http://en.wikipedia.org/wiki/Square_mile" title="Square mile">sq mi</a> </td>
</tr>
<tr class="mergedrow">
<td> - </td>
<td>
          <a class="external" href="http://en.wikipedia.org/wiki/Water" title="Water">Water</a> (<a class="external" href="http://en.wikipedia.org/wiki/Percent" title="Percent">%</a>)</td>
<td>1.6²</td>
</tr>
<tr class="mergedtoprow">
<th colspan="3">
          <a class="external" href="http://en.wikipedia.org/wiki/Population" title="Population">Population</a>
        </th>
</tr>
<tr class="mergedrow">
<td> - </td>
<td>1 October 2009 estimate</td>
<td>5,532,531 (<a class="external" href="http://en.wikipedia.org/wiki/List_of_countries_by_population" title="List of countries by population">108th</a>)</td>
</tr>
<tr class="mergedbottomrow">
<td> - </td>
<td>
          <a class="external" href="http://en.wikipedia.org/wiki/Population_density" title="Population density">Density</a>
        </td>
<td>127.9/km<sup>2</sup> (<a class="external" href="http://en.wikipedia.org/wiki/List_of_countries_by_population_density" title="List of countries by population density">78th²</a>)<br/>
331.2/sq mi</td>
</tr>
<tr class="mergedtoprow">
<td colspan="2">
          <b>
            <a class="external" href="http://en.wikipedia.org/wiki/Gross_domestic_product" title="Gross domestic product">GDP</a>
          </b> (<a class="external" href="http://en.wikipedia.org/wiki/Purchasing_power_parity" title="Purchasing power parity">PPP</a>)</td>
<td>2008 estimate</td>
</tr>
<tr class="mergedrow">
<td> - </td>
<td>Total</td>
<td>$204.269 billion<sup class="reference" id="cite_ref-imf2_1-0"/> (<a class="external" href="http://en.wikipedia.org/wiki/List_of_countries_by_GDP_(PPP)" title="List of countries by GDP (PPP)">49th</a>)</td>
</tr>
<tr class="mergedbottomrow">
<td> - </td>
<td>
          <a class="external" href="http://en.wikipedia.org/wiki/Per_capita" title="Per capita">Per capita</a>
        </td>
<td>$37,304<sup class="reference" id="cite_ref-imf2_1-1"/> (<a class="external" href="http://en.wikipedia.org/wiki/List_of_countries_by_GDP_(PPP)_per_capita" title="List of countries by GDP (PPP) per capita">16th</a>)</td>
</tr>
<tr class="mergedtoprow">
<td colspan="2">
          <b>
            <a class="external" href="http://en.wikipedia.org/wiki/Gross_domestic_product" title="Gross domestic product">GDP</a>
          </b> (nominal)</td>
<td>2008 estimate</td>
</tr>
<tr class="mergedrow">
<td> - </td>
<td>Total</td>
<td>$340.029 billion<sup class="reference" id="cite_ref-imf2_1-2"/> (<a class="external" href="http://en.wikipedia.org/wiki/List_of_countries_by_GDP_(nominal)" title="List of countries by GDP (nominal)">27th</a>)</td>
</tr>
<tr class="mergedbottomrow">
<td> - </td>
<td>
          <a class="external" href="http://en.wikipedia.org/wiki/Per_capita" title="Per capita">Per capita</a>
        </td>
<td>$62,097<sup class="reference" id="cite_ref-imf2_1-3"/> (<a class="external" href="http://en.wikipedia.org/wiki/List_of_countries_by_GDP_(nominal)_per_capita" title="List of countries by GDP (nominal) per capita">5th</a>)</td>
</tr>
<tr>
<td colspan="2">
          <b>
            <a class="external" href="http://en.wikipedia.org/wiki/Gini_coefficient" title="Gini coefficient">Gini</a>
          </b> (2009)</td>
<td>24.7 (<span>low</span>) (<a class="external" href="http://en.wikipedia.org/wiki/List_of_countries_by_income_equality" title="List of countries by income equality">1st</a>)</td>
</tr>
<tr>
<td colspan="2">
          <b>
            <a class="external" href="http://en.wikipedia.org/wiki/Human_Development_Index" title="Human Development Index">HDI</a>
          </b> (2007)</td>
<td>
          <span>▲</span> 0.955<sup class="reference" id="cite_ref-2"/> (<span>very high</span>) (<a class="external" href="http://en.wikipedia.org/wiki/List_of_countries_by_Human_Development_Index" title="List of countries by Human Development Index">16th</a>)</td>
</tr>
<tr>
<th colspan="2">
          <a class="external" href="http://en.wikipedia.org/wiki/Currency" title="Currency">Currency</a>
        </th>
<td>
          <a class="external" href="http://en.wikipedia.org/wiki/Danish_krone" title="Danish krone">Danish krone</a> (<code>
            <a class="external" href="http://en.wikipedia.org/wiki/ISO_4217" title="ISO 4217">DKK</a>
          </code>)</td>
</tr>
<tr class="mergedtoprow">
<th colspan="2">
          <a class="external" href="http://en.wikipedia.org/wiki/Time_zone" title="Time zone">Time zone</a>
        </th>
<td>
          <a class="external" href="http://en.wikipedia.org/wiki/Central_European_Time" title="Central European Time">CET</a>² <span>(<a class="external" href="http://en.wikipedia.org/wiki/Coordinated_Universal_Time" title="Coordinated Universal Time">UTC</a>+1)</span>
        </td>
</tr>
<tr class="mergedbottomrow">
<td> - </td>
<td>Summer (<a class="external" href="http://en.wikipedia.org/wiki/Daylight_saving_time" title="Daylight saving time">DST</a>)</td>
<td>
          <a class="external" href="http://en.wikipedia.org/wiki/Central_European_Summer_Time" title="Central European Summer Time">CEST</a>² (<a class="external" href="http://en.wikipedia.org/wiki/Coordinated_Universal_Time" title="Coordinated Universal Time">UTC</a>+2)</td>
</tr>
<tr>
<th colspan="2">
          <a class="external" href="http://en.wikipedia.org/wiki/Right-_and_left-hand_traffic" title="Right- and left-hand traffic">Drives on the</a>
        </th>
<td>right</td>
</tr>
<tr>
<th colspan="2">
          <a class="external" href="http://en.wikipedia.org/wiki/Country_code_top-level_domain" title="Country code top-level domain">Internet TLD</a>
        </th>
<td>
          <a class="external" href="http://en.wikipedia.org/wiki/.dk" title=".dk">.dk</a>
          <sup>2,3</sup>
        </td>
</tr>
<tr>
<th colspan="2">
          <a class="external" href="http://en.wikipedia.org/wiki/List_of_country_calling_codes" title="List of country calling codes">Calling code</a>
        </th>
<td>
          <a class="external" href="http://en.wikipedia.org/wiki/Telephone_numbers_in_Denmark" title="Telephone numbers in Denmark">45</a>
          <sup>4</sup>
        </td>
</tr>
<tr>
<td colspan="3">
          <small>
            <sup>1</sup> Co-official with <a class="external" href="http://en.wikipedia.org/wiki/Greenlandic_language" title="Greenlandic language">Greenlandic</a> in <a class="external" href="http://en.wikipedia.org/wiki/Greenland" title="Greenland">Greenland</a>, and <a class="external" href="http://en.wikipedia.org/wiki/Faroese_language" title="Faroese language">Faroese</a> in the <a class="external" href="http://en.wikipedia.org/wiki/Faroe_Islands" title="Faroe Islands">Faroe Islands</a>. <a class="external" href="http://en.wikipedia.org/wiki/German_language" title="German language">German</a> is recognised as a protected minority language in the South Jutland (Sønderjylland) area of Denmark. Danish is recognised as a protected minority language in the <a class="external" href="http://en.wikipedia.org/wiki/Schleswig-Holstein" title="Schleswig-Holstein">Schleswig-Holstein</a> region of <a class="external" href="http://en.wikipedia.org/wiki/Germany" title="Germany">Germany</a>.<br/>
² For Denmark excluding the Faroe Islands and <a class="external" href="http://en.wikipedia.org/wiki/Greenland" title="Greenland">Greenland</a>.<br/>
³ The TLD <a class="external" href="http://en.wikipedia.org/wiki/.eu" title=".eu">.eu</a> is shared with other <a class="external" href="http://en.wikipedia.org/wiki/European_Union" title="European Union">European Union</a> countries.<br/>
<sup>4</sup> The <a class="external" href="http://en.wikipedia.org/wiki/Faroe_Islands" title="Faroe Islands">Faroe Islands</a> use +298 and <a class="external" href="http://en.wikipedia.org/wiki/Greenland" title="Greenland">Greenland</a> uses +299.</small>
        </td>
</tr>
</table>
  </div>
</div>
