<?xml version="1.0" encoding="utf-8" standalone="no"?>
<root> <div class="importwiki">
    <h2>
          Fragment4
        </h2>
        <p>Bezier funksjonen</p>
        <div class="formula">
          <math xmlns="http://www.w3.org/1998/Math/MathML">
            <semantics>
              <mrow>
                <mi>B</mi>
                <mrow>
                  <mrow>
                    <mo stretchy="false">(</mo>
                    <mi>t</mi>
                    <mo stretchy="false">)</mo>
                  </mrow>
                  <mo stretchy="false">=</mo>
                  <mrow>
                    <munderover>
                      <mo stretchy="false">∑</mo>
                      <mrow>
                        <mi>i</mi>
                        <mo stretchy="false">=</mo>
                        <mn>0</mn>
                      </mrow>
                      <mi>n</mi>
                    </munderover>
                    <msubsup>
                      <mi>B</mi>
                      <mi>i</mi>
                      <mi>n</mi>
                    </msubsup>
                  </mrow>
                </mrow>
                <mrow>
                  <msup>
                    <mi>t</mi>
                    <mi>i</mi>
                  </msup>
                  <msup>
                    <mrow>
                      <mo stretchy="false">(</mo>
                      <mrow>
                        <mn>1</mn>
                        <mo stretchy="false">−</mo>
                        <mi>t</mi>
                      </mrow>
                      <mo stretchy="false">)</mo>
                    </mrow>
                    <mrow>
                      <mo stretchy="false">(</mo>
                      <mrow>
                        <mi>n</mi>
                        <mo stretchy="false">−</mo>
                        <mi>i</mi>
                      </mrow>
                      <mo stretchy="false">)</mo>
                    </mrow>
                  </msup>
                  <msub>
                    <mi>P</mi>
                    <mi>i</mi>
                  </msub>
                </mrow>
              </mrow>
            </semantics>
          </math>
        </div>
        </div>
</root>
