<?xml version="1.0" encoding="utf-8" standalone="no"?>
<div> <div class="importwiki">
    <h2> Nature</h2>
<p>Halden is surrounded by <a class="external" href="http://en.wikipedia.org/wiki/Forest" title="Forest">forests</a> and water so hiking and fishing locations can easily be found. <a class="external" href="http://en.wikipedia.org/wiki/Deer" title="Deer">Deer</a> and <a class="external" href="http://en.wikipedia.org/wiki/Moose" title="Moose">elk</a> are a common sight, and <a class="external" href="http://en.wikipedia.org/wiki/Wolf" title="Wolf">wolves</a> have also been observed in the district along the border with <a class="external" href="http://en.wikipedia.org/wiki/Sweden" title="Sweden">Sweden</a>. <a class="external" href="http://en.wikipedia.org/wiki/Raspberry" title="Raspberry">Raspberries</a>, <a class="external" href="http://en.wikipedia.org/wiki/Blackberry" title="Blackberry">blackberries</a>, <a class="external" href="http://en.wikipedia.org/wiki/Blueberry" title="Blueberry">blueberries</a>, <a class="external" href="http://en.wikipedia.org/wiki/Cranberry" title="Cranberry">wild cranberries</a>, and many varieties of <a class="external" href="http://en.wikipedia.org/wiki/Mushroom" title="Mushroom">mushroom</a> can be found in the woods in the early autumn. Popular destinations for hikers and other nature lovers include <a class="external" href="http://en.wikipedia.org/w/index.php?title=Prestebakke&amp;action=edit&amp;redlink=1" title="Prestebakke (page does not exist)">Prestebakke</a> and <a class="external" href="http://en.wikipedia.org/wiki/Kornsj%C3%B8" title="Kornsjø">Kornsjø</a>.</p>
<p>Halden's meteorological station is at Buer. <a class="external" href="http://www.yr.no/place/Norway/%C3%98stfold/Halden/Buer_stasjon/" rel="nofollow">[1]</a>
    </p>
</div>
</div>
