<?xml version="1.0" encoding="utf-8" standalone="no"?>
<root> <div class="importwiki">
    <h3>
          samples
        </h3>
        <table class="odt-table">
          <tr>
            <td>
              <img alt="bilder1" class="image" src="wikiback/wxtweb_wxtdemos_demo7/_Portraits_samples/100002000000003E0000003D26E65C0D.png" title="bilder1"/>
            </td>
            <td>
              <img alt="bilder2" class="image" src="wikiback/wxtweb_wxtdemos_demo7/_Portraits_samples/100002000000003D0000003D39F70A63.png" title="bilder2"/>
            </td>
          </tr>
          <tr>
            <td>
              <img alt="bilder3" class="image" src="wikiback/wxtweb_wxtdemos_demo7/_Portraits_samples/100002000000003F0000003D75CAF753.png" title="bilder3"/>
            </td>
            <td>
              <img alt="bilder4" class="image" src="wikiback/wxtweb_wxtdemos_demo7/_Portraits_samples/100002000000003F0000003D94D6DD00.png" title="bilder4"/>
            </td>
          </tr>
        </table>
      </div>
</root>
