<?xml version="1.0" encoding="utf-8" standalone="no"?>
<root> <div class="importwiki">
    <h3>
          samples
        </h3>
        <p>Brentpreg i duften med toastkarakter. Litt smøraktig sødme og aprikos i smaken, litt tung stil, men avslutningen er overraskende syrlig. </p>
        <p>Søt og moden duft av rosiner og aprikos. Myk og rund smak med innslag av tørkete frukter og karamellsødme. </p>
        <p>Kobbergylden vin med litt overmoden duft. Fyldig og knallsøt smak med rosinkarakter, aprikos og honningsødme. Ettersmaken er ikke så varig som forventet. </p>
        <p>Rødfiolett farge, og ferskt bærpreg med brent toastkarakter i duften. Bløt og fyldig morellsødme pluss fatpreg i smaken. Avrundet ettersmak, prisgunstig hverdagsvin for nå-konsum. </p>
        <p>Kompleks duft av solbær, lær og eikefat. Mykt anslag og moden smak med fine smaksnyanser. God fylde og fin tørrhet i ettersmaken. Parker gir 86 poeng og antyder holdbarhet til 2007. </p>
        </div>
</root>
