<?xml version="1.0" encoding="utf-8" standalone="no"?>
<div> <div class="importwiki">
    <h2>
          A polynom of degree 3
        </h2>
        <p>We will use a situation quite similar to the one we had when we developed the Hermit curve.</p>
        <p>We want to find the coefficients in an expression of third degree:</p>
        <div class="formula">
          <math xmlns="http://www.w3.org/1998/Math/MathML">
            <semantics>
              <mrow>
                <mi>B</mi>
                <mrow>
                  <mrow>
                    <mo stretchy="false">(</mo>
                    <mi>t</mi>
                    <mo stretchy="false">)</mo>
                  </mrow>
                  <mo stretchy="false">=</mo>
                  <mrow>
                    <mrow>
                      <mrow>
                        <mrow>
                          <mi>a</mi>
                          <mo stretchy="false">⋅</mo>
                          <msup>
                            <mi>t</mi>
                            <mn>3</mn>
                          </msup>
                        </mrow>
                        <mo stretchy="false">+</mo>
                        <mrow>
                          <mi>b</mi>
                          <mo stretchy="false">⋅</mo>
                          <msup>
                            <mi>t</mi>
                            <mn>2</mn>
                          </msup>
                        </mrow>
                      </mrow>
                      <mo stretchy="false">+</mo>
                      <mrow>
                        <mi>c</mi>
                        <mo stretchy="false">⋅</mo>
                        <mi>t</mi>
                      </mrow>
                    </mrow>
                    <mo stretchy="false">+</mo>
                    <mi>d</mi>
                  </mrow>
                </mrow>
              </mrow>
            </semantics>
          </math>
        </div>
        <p>We want geometrical guidelines that state that the curve should start and stop in two points: P0 and P3.</p>
        <p>Consequently: </p>
        <div class="formula">
          <math xmlns="http://www.w3.org/1998/Math/MathML">
            <semantics>
              <mtable>
                <mtr>
                  <mrow>
                    <mi>B</mi>
                    <mrow>
                      <mrow>
                        <mo stretchy="false">(</mo>
                        <mn>0</mn>
                        <mo stretchy="false">)</mo>
                      </mrow>
                      <mo stretchy="false">=</mo>
                      <msub>
                        <mi>P</mi>
                        <mn>1</mn>
                      </msub>
                    </mrow>
                  </mrow>
                </mtr>
                <mtr>
                  <mrow>
                    <mi>B</mi>
                    <mrow>
                      <mrow>
                        <mo stretchy="false">(</mo>
                        <mn>1</mn>
                        <mo stretchy="false">)</mo>
                      </mrow>
                      <mo stretchy="false">=</mo>
                      <msub>
                        <mi>P</mi>
                        <mn>3</mn>
                      </msub>
                    </mrow>
                  </mrow>
                </mtr>
              </mtable>
            </semantics>
          </math>
        </div>
        <p>We want a polynomial of third degree and need two more guidelines. </p>
        <p>We use two points that indirect state the derivative in the endpoints:</p>
        <table class="odt-table" id="Tabell3">
          <tr>
            <td>
              
              <img alt="bilder8" class="image" src="wikiback/web_wxtdemos_demo9_Bezier/_A_polynom_of_degree_3/10000000000000BF000000953D2D8137.png" title="bilder8"/>
            </td>
            <td>
              <p>We decide that:</p>
              <div class="formula">
                <math xmlns="http://www.w3.org/1998/Math/MathML">
                  <semantics>
                    <mtable>
                      <mtr>
                        <mrow>
                          <msup>
                            <mi>B</mi>
                            <mi>'</mi>
                          </msup>
                          <mrow>
                            <mrow>
                              <mo stretchy="false">(</mo>
                              <mn>0</mn>
                              <mo stretchy="false">)</mo>
                            </mrow>
                            <mo stretchy="false">=</mo>
                            <mrow>
                              <mn>3</mn>
                              <mo stretchy="false">⋅</mo>
                              <mrow>
                                <mo stretchy="false">(</mo>
                                <mrow>
                                  <msub>
                                    <mi>P</mi>
                                    <mn>1</mn>
                                  </msub>
                                  <mo stretchy="false">−</mo>
                                  <msub>
                                    <mi>P</mi>
                                    <mn>0</mn>
                                  </msub>
                                </mrow>
                                <mo stretchy="false">)</mo>
                              </mrow>
                            </mrow>
                          </mrow>
                        </mrow>
                      </mtr>
                      <mtr>
                        <mrow>
                          <msup>
                            <mi>B</mi>
                            <mi>'</mi>
                          </msup>
                          <mrow>
                            <mrow>
                              <mo stretchy="false">(</mo>
                              <mn>1</mn>
                              <mo stretchy="false">)</mo>
                            </mrow>
                            <mo stretchy="false">=</mo>
                            <mrow>
                              <mn>3</mn>
                              <mo stretchy="false">⋅</mo>
                              <mrow>
                                <mo stretchy="false">(</mo>
                                <mrow>
                                  <msub>
                                    <mi>P</mi>
                                    <mn>3</mn>
                                  </msub>
                                  <mo stretchy="false">−</mo>
                                  <msub>
                                    <mi>P</mi>
                                    <mn>2</mn>
                                  </msub>
                                </mrow>
                                <mo stretchy="false">)</mo>
                              </mrow>
                            </mrow>
                          </mrow>
                        </mrow>
                      </mtr>
                    </mtable>
                  </semantics>
                </math>
              </div>
            </td>
          </tr>
        </table>
        <p>The derivative is: <div class="formula">
            <math xmlns="http://www.w3.org/1998/Math/MathML">
              <semantics>
                <mrow>
                  <msup>
                    <mi>B</mi>
                    <mi>'</mi>
                  </msup>
                  <mrow>
                    <mrow>
                      <mo stretchy="false">(</mo>
                      <mi>t</mi>
                      <mo stretchy="false">)</mo>
                    </mrow>
                    <mo stretchy="false">=</mo>
                    <mrow>
                      <mrow>
                        <mrow>
                          <mrow>
                            <mn>3</mn>
                            <mo stretchy="false">⋅</mo>
                            <mi>a</mi>
                          </mrow>
                          <mo stretchy="false">⋅</mo>
                          <msup>
                            <mi>t</mi>
                            <mn>2</mn>
                          </msup>
                        </mrow>
                        <mo stretchy="false">+</mo>
                        <mrow>
                          <mrow>
                            <mn>2</mn>
                            <mo stretchy="false">⋅</mo>
                            <mi>b</mi>
                          </mrow>
                          <mo stretchy="false">⋅</mo>
                          <mi>t</mi>
                        </mrow>
                      </mrow>
                      <mo stretchy="false">+</mo>
                      <mi>c</mi>
                    </mrow>
                  </mrow>
                </mrow>
              </semantics>
            </math>
          </div>
        </p>
        <p>We have to find a,b,c and d in this set of equations:</p>
        <div class="formula">
          <math xmlns="http://www.w3.org/1998/Math/MathML">
            <semantics>
              <mtable>
                <mtr>
                  <mrow>
                    <mrow>
                      <mi>B</mi>
                      <mrow>
                        <mrow>
                          <mrow>
                            <mo stretchy="false">(</mo>
                            <mn>0</mn>
                            <mo stretchy="false">)</mo>
                          </mrow>
                          <mo stretchy="false">=</mo>
                          <mi>d</mi>
                        </mrow>
                        <mo stretchy="false">=</mo>
                        <msub>
                          <mi>P</mi>
                          <mn>0</mn>
                        </msub>
                      </mrow>
                    </mrow>
                  </mrow>
                </mtr>
                <mtr>
                  <mrow>
                    <mrow>
                      <mi>B</mi>
                      <mrow>
                        <mrow>
                          <mrow>
                            <mo stretchy="false">(</mo>
                            <mn>1</mn>
                            <mo stretchy="false">)</mo>
                          </mrow>
                          <mo stretchy="false">=</mo>
                          <mrow>
                            <mrow>
                              <mrow>
                                <mi>a</mi>
                                <mo stretchy="false">+</mo>
                                <mi>b</mi>
                              </mrow>
                              <mo stretchy="false">+</mo>
                              <mi>c</mi>
                            </mrow>
                            <mo stretchy="false">+</mo>
                            <mi>d</mi>
                          </mrow>
                        </mrow>
                        <mo stretchy="false">=</mo>
                        <msub>
                          <mi>P</mi>
                          <mn>3</mn>
                        </msub>
                      </mrow>
                    </mrow>
                  </mrow>
                </mtr>
                <mtr>
                  <mrow>
                    <mrow>
                      <msup>
                        <mi>B</mi>
                        <mi>'</mi>
                      </msup>
                      <mrow>
                        <mrow>
                          <mrow>
                            <mo stretchy="false">(</mo>
                            <mn>0</mn>
                            <mo stretchy="false">)</mo>
                          </mrow>
                          <mo stretchy="false">=</mo>
                          <mi>c</mi>
                        </mrow>
                        <mo stretchy="false">=</mo>
                        <mrow>
                          <mn>3</mn>
                          <mo stretchy="false">⋅</mo>
                          <mrow>
                            <mo stretchy="false">(</mo>
                            <mrow>
                              <msub>
                                <mi>P</mi>
                                <mn>1</mn>
                              </msub>
                              <mo stretchy="false">−</mo>
                              <msub>
                                <mi>P</mi>
                                <mn>0</mn>
                              </msub>
                            </mrow>
                            <mo stretchy="false">)</mo>
                          </mrow>
                        </mrow>
                      </mrow>
                    </mrow>
                  </mrow>
                </mtr>
                <mtr>
                  <mrow>
                    <mrow>
                      <msup>
                        <mi>B</mi>
                        <mi>'</mi>
                      </msup>
                      <mrow>
                        <mrow>
                          <mrow>
                            <mo stretchy="false">(</mo>
                            <mn>1</mn>
                            <mo stretchy="false">)</mo>
                          </mrow>
                          <mo stretchy="false">=</mo>
                          <mrow>
                            <mrow>
                              <mrow>
                                <mn>3</mn>
                                <mo stretchy="false">⋅</mo>
                                <mi>a</mi>
                              </mrow>
                              <mo stretchy="false">+</mo>
                              <mrow>
                                <mn>2</mn>
                                <mo stretchy="false">⋅</mo>
                                <mi>b</mi>
                              </mrow>
                            </mrow>
                            <mo stretchy="false">+</mo>
                            <mi>c</mi>
                          </mrow>
                        </mrow>
                        <mo stretchy="false">=</mo>
                        <mrow>
                          <mn>3</mn>
                          <mo stretchy="false">⋅</mo>
                          <mrow>
                            <mo stretchy="false">(</mo>
                            <mrow>
                              <msub>
                                <mi>P</mi>
                                <mn>3</mn>
                              </msub>
                              <mo stretchy="false">−</mo>
                              <msub>
                                <mi>P</mi>
                                <mn>2</mn>
                              </msub>
                            </mrow>
                            <mo stretchy="false">)</mo>
                          </mrow>
                        </mrow>
                      </mrow>
                    </mrow>
                  </mrow>
                </mtr>
              </mtable>
            </semantics>
          </math>
        </div>
        <p>We solve and find:</p>
        <div class="formula">
          <math xmlns="http://www.w3.org/1998/Math/MathML">
            <semantics>
              <mtable>
                <mtr>
                  <mrow>
                    <mrow>
                      <mi>a</mi>
                      <mo stretchy="false">=</mo>
                      <mrow>
                        <mrow>
                          <mrow>
                            <mrow>
                              <mo stretchy="false">−</mo>
                              <msub>
                                <mi>P</mi>
                                <mn>0</mn>
                              </msub>
                            </mrow>
                            <mo stretchy="false">+</mo>
                            <mrow>
                              <mn>3</mn>
                              <mo stretchy="false">⋅</mo>
                              <msub>
                                <mi>P</mi>
                                <mn>1</mn>
                              </msub>
                            </mrow>
                          </mrow>
                          <mo stretchy="false">−</mo>
                          <mrow>
                            <mn>2</mn>
                            <mo stretchy="false">⋅</mo>
                            <msub>
                              <mi>P</mi>
                              <mn>2</mn>
                            </msub>
                          </mrow>
                        </mrow>
                        <mo stretchy="false">+</mo>
                        <msub>
                          <mi>P</mi>
                          <mn>3</mn>
                        </msub>
                      </mrow>
                    </mrow>
                  </mrow>
                </mtr>
                <mtr>
                  <mrow>
                    <mrow>
                      <mi>b</mi>
                      <mo stretchy="false">=</mo>
                      <mrow>
                        <mrow>
                          <mrow>
                            <mn>3</mn>
                            <mo stretchy="false">⋅</mo>
                            <msub>
                              <mi>P</mi>
                              <mn>0</mn>
                            </msub>
                          </mrow>
                          <mo stretchy="false">−</mo>
                          <mrow>
                            <mn>6</mn>
                            <mo stretchy="false">⋅</mo>
                            <msub>
                              <mi>P</mi>
                              <mn>1</mn>
                            </msub>
                          </mrow>
                        </mrow>
                        <mo stretchy="false">+</mo>
                        <mrow>
                          <mn>3</mn>
                          <mo stretchy="false">⋅</mo>
                          <msub>
                            <mi>P</mi>
                            <mn>2</mn>
                          </msub>
                        </mrow>
                      </mrow>
                    </mrow>
                  </mrow>
                </mtr>
                <mtr>
                  <mrow>
                    <mrow>
                      <mi>c</mi>
                      <mo stretchy="false">=</mo>
                      <mrow>
                        <mrow>
                          <mn>3</mn>
                          <mo stretchy="false">⋅</mo>
                          <msub>
                            <mi>P</mi>
                            <mn>1</mn>
                          </msub>
                        </mrow>
                        <mo stretchy="false">−</mo>
                        <mrow>
                          <mn>3</mn>
                          <mo stretchy="false">⋅</mo>
                          <msub>
                            <mi>P</mi>
                            <mn>0</mn>
                          </msub>
                        </mrow>
                      </mrow>
                    </mrow>
                  </mrow>
                </mtr>
                <mtr>
                  <mrow>
                    <mrow>
                      <mi>d</mi>
                      <mo stretchy="false">=</mo>
                      <msub>
                        <mi>P</mi>
                        <mn>0</mn>
                      </msub>
                    </mrow>
                  </mrow>
                </mtr>
              </mtable>
            </semantics>
          </math>
        </div>
        <p>and we set up the expression for B(t):</p>
        <div class="formula">
          <math xmlns="http://www.w3.org/1998/Math/MathML">
            <semantics>
              <mrow>
                <mrow>
                  <mi>B</mi>
                  <mrow>
                    <mrow>
                      <mo stretchy="false">(</mo>
                      <mi>t</mi>
                      <mo stretchy="false">)</mo>
                    </mrow>
                    <mo stretchy="false">=</mo>
                    <mrow>
                      <mo stretchy="false">−</mo>
                      <msub>
                        <mi>P</mi>
                        <mn>0</mn>
                      </msub>
                    </mrow>
                  </mrow>
                  <mrow>
                    <msup>
                      <mi>t</mi>
                      <mn>3</mn>
                    </msup>
                    <mo stretchy="false">+</mo>
                    <mrow>
                      <mn>3</mn>
                      <mo stretchy="false">⋅</mo>
                      <msub>
                        <mi>P</mi>
                        <mn>1</mn>
                      </msub>
                    </mrow>
                  </mrow>
                  <mrow>
                    <msup>
                      <mi>t</mi>
                      <mn>3</mn>
                    </msup>
                    <mo stretchy="false">−</mo>
                    <mrow>
                      <mn>3</mn>
                      <mo stretchy="false">⋅</mo>
                      <msub>
                        <mi>P</mi>
                        <mn>2</mn>
                      </msub>
                    </mrow>
                  </mrow>
                  <mrow>
                    <msup>
                      <mi>t</mi>
                      <mn>3</mn>
                    </msup>
                    <mo stretchy="false">+</mo>
                    <msub>
                      <mi>P</mi>
                      <mn>3</mn>
                    </msub>
                  </mrow>
                  <mrow>
                    <msup>
                      <mi>t</mi>
                      <mn>3</mn>
                    </msup>
                    <mo stretchy="false">+</mo>
                    <mrow>
                      <mn>3</mn>
                      <mo stretchy="false">⋅</mo>
                      <msub>
                        <mi>P</mi>
                        <mn>0</mn>
                      </msub>
                    </mrow>
                  </mrow>
                  <mrow>
                    <msup>
                      <mi>t</mi>
                      <mn>2</mn>
                    </msup>
                    <mo stretchy="false">−</mo>
                    <mrow>
                      <mn>6</mn>
                      <mo stretchy="false">⋅</mo>
                      <msub>
                        <mi>P</mi>
                        <mn>1</mn>
                      </msub>
                    </mrow>
                  </mrow>
                  <mrow>
                    <msup>
                      <mi>t</mi>
                      <mn>2</mn>
                    </msup>
                    <mo stretchy="false">+</mo>
                    <mrow>
                      <mn>3</mn>
                      <mo stretchy="false">⋅</mo>
                      <msub>
                        <mi>P</mi>
                        <mn>2</mn>
                      </msub>
                    </mrow>
                  </mrow>
                  <mrow>
                    <msup>
                      <mi>t</mi>
                      <mn>2</mn>
                    </msup>
                    <mo stretchy="false">+</mo>
                    <mrow>
                      <mn>3</mn>
                      <mo stretchy="false">⋅</mo>
                      <msub>
                        <mi>P</mi>
                        <mn>1</mn>
                      </msub>
                    </mrow>
                  </mrow>
                  <mrow>
                    <mi>t</mi>
                    <mo stretchy="false">−</mo>
                    <mrow>
                      <mn>3</mn>
                      <mo stretchy="false">⋅</mo>
                      <msub>
                        <mi>P</mi>
                        <mn>0</mn>
                      </msub>
                    </mrow>
                  </mrow>
                  <mrow>
                    <mi>t</mi>
                    <mo stretchy="false">+</mo>
                    <msub>
                      <mi>P</mi>
                      <mn>0</mn>
                    </msub>
                  </mrow>
                </mrow>
              </mrow>
            </semantics>
          </math>
        </div>
        <p>We rearrange and we get:</p>
        <div class="formula">
          <math xmlns="http://www.w3.org/1998/Math/MathML">
            <semantics>
              <mrow>
                <mrow>
                  <mi>B</mi>
                  <mrow>
                    <mrow>
                      <mo stretchy="false">(</mo>
                      <mi>t</mi>
                      <mo stretchy="false">)</mo>
                    </mrow>
                    <mo stretchy="false">=</mo>
                    <mrow>
                      <mo stretchy="false">−</mo>
                      <msub>
                        <mi>P</mi>
                        <mn>0</mn>
                      </msub>
                    </mrow>
                  </mrow>
                  <mrow>
                    <mrow>
                      <mo stretchy="false">(</mo>
                      <mrow>
                        <mrow>
                          <mrow>
                            <mrow>
                              <mo stretchy="false">−</mo>
                              <msup>
                                <mi>t</mi>
                                <mn>3</mn>
                              </msup>
                            </mrow>
                            <mo stretchy="false">+</mo>
                            <mrow>
                              <mn>3</mn>
                              <mo stretchy="false">⋅</mo>
                              <msup>
                                <mi>t</mi>
                                <mn>2</mn>
                              </msup>
                            </mrow>
                          </mrow>
                          <mo stretchy="false">−</mo>
                          <mrow>
                            <mn>3</mn>
                            <mo stretchy="false">⋅</mo>
                            <mi>t</mi>
                          </mrow>
                        </mrow>
                        <mo stretchy="false">+</mo>
                        <mn>1</mn>
                      </mrow>
                      <mo stretchy="false">)</mo>
                    </mrow>
                    <mo stretchy="false">+</mo>
                    <msub>
                      <mi>P</mi>
                      <mn>1</mn>
                    </msub>
                  </mrow>
                  <mrow>
                    <mrow>
                      <mo stretchy="false">(</mo>
                      <mrow>
                        <mrow>
                          <mrow>
                            <mn>3</mn>
                            <mo stretchy="false">⋅</mo>
                            <msup>
                              <mi>t</mi>
                              <mn>3</mn>
                            </msup>
                          </mrow>
                          <mo stretchy="false">−</mo>
                          <mrow>
                            <mn>6</mn>
                            <mo stretchy="false">⋅</mo>
                            <msup>
                              <mi>t</mi>
                              <mn>2</mn>
                            </msup>
                          </mrow>
                        </mrow>
                        <mo stretchy="false">+</mo>
                        <mrow>
                          <mn>3</mn>
                          <mo stretchy="false">⋅</mo>
                          <mi>t</mi>
                        </mrow>
                      </mrow>
                      <mo stretchy="false">)</mo>
                    </mrow>
                    <mo stretchy="false">+</mo>
                    <msub>
                      <mi>P</mi>
                      <mn>2</mn>
                    </msub>
                  </mrow>
                  <mrow>
                    <mrow>
                      <mo stretchy="false">(</mo>
                      <mrow>
                        <mrow>
                          <mrow>
                            <mo stretchy="false">−</mo>
                            <mn>3</mn>
                          </mrow>
                          <mo stretchy="false">⋅</mo>
                          <msup>
                            <mi>t</mi>
                            <mn>3</mn>
                          </msup>
                        </mrow>
                        <mo stretchy="false">+</mo>
                        <mrow>
                          <mn>3</mn>
                          <mo stretchy="false">⋅</mo>
                          <msup>
                            <mi>t</mi>
                            <mn>2</mn>
                          </msup>
                        </mrow>
                      </mrow>
                      <mo stretchy="false">)</mo>
                    </mrow>
                    <mo stretchy="false">+</mo>
                    <msub>
                      <mi>P</mi>
                      <mn>3</mn>
                    </msub>
                  </mrow>
                  <mrow>
                    <mo stretchy="false">(</mo>
                    <msup>
                      <mi>t</mi>
                      <mn>3</mn>
                    </msup>
                    <mo stretchy="false">)</mo>
                  </mrow>
                </mrow>
              </mrow>
            </semantics>
          </math>
        </div>
        <p>This has given us a form that resembles the one we had for the Hermit curve and we can set up the expression in a matrix form:</p>
        <div class="formula">
          <math xmlns="http://www.w3.org/1998/Math/MathML">
            <semantics>
              <mrow>
                <mrow>
                  <mi>B</mi>
                  <mrow>
                    <mrow>
                      <mo stretchy="false">(</mo>
                      <mi>t</mi>
                      <mo stretchy="false">)</mo>
                    </mrow>
                    <mo stretchy="false">=</mo>
                    <mrow>
                      <mrow>
                        <mi>T</mi>
                        <mo stretchy="false">⋅</mo>
                        <msub>
                          <mi>M</mi>
                          <mi>B</mi>
                        </msub>
                      </mrow>
                      <mo stretchy="false">⋅</mo>
                      <msub>
                        <mi>G</mi>
                        <mi>B</mi>
                      </msub>
                    </mrow>
                  </mrow>
                </mrow>
              </mrow>
            </semantics>
          </math>
        </div>
        <p>where</p>
        <p>
          <div class="formula">
            <math xmlns="http://www.w3.org/1998/Math/MathML">
              <semantics>
                <mrow>
                  <mrow>
                    <mi>T</mi>
                    <mo stretchy="false">=</mo>
                    <mrow>
                      <mo stretchy="false">[</mo>
                      <mrow>
                        <msup>
                          <mi>t</mi>
                          <mn>3</mn>
                        </msup>
                        <mi>,</mi>
                        <msup>
                          <mi>t</mi>
                          <mn>2</mn>
                        </msup>
                        <mi>,</mi>
                        <mi>t</mi>
                        <mn>,1</mn>
                      </mrow>
                      <mo stretchy="false">]</mo>
                    </mrow>
                  </mrow>
                </mrow>
              </semantics>
            </math>
          </div>,<div class="formula">
            <math xmlns="http://www.w3.org/1998/Math/MathML">
              <semantics>
                <mrow>
                  <mrow>
                    <msub>
                      <mi>M</mi>
                      <mi>B</mi>
                    </msub>
                    <mo stretchy="false">=</mo>
                    <mfenced close="]" open="[">
                      <mtable>
                        <mtr>
                          <mtd>
                            <mrow>
                              <mrow>
                                <mo stretchy="false">−</mo>
                                <mn>1</mn>
                              </mrow>
                            </mrow>
                          </mtd>
                          <mtd>
                            <mrow>
                              <mn>3</mn>
                            </mrow>
                          </mtd>
                          <mtd>
                            <mrow>
                              <mrow>
                                <mo stretchy="false">−</mo>
                                <mn>3</mn>
                              </mrow>
                            </mrow>
                          </mtd>
                          <mtd>
                            <mrow>
                              <mn>1</mn>
                            </mrow>
                          </mtd>
                        </mtr>
                        <mtr>
                          <mtd>
                            <mrow>
                              <mn>3</mn>
                            </mrow>
                          </mtd>
                          <mtd>
                            <mrow>
                              <mrow>
                                <mo stretchy="false">−</mo>
                                <mn>6</mn>
                              </mrow>
                            </mrow>
                          </mtd>
                          <mtd>
                            <mrow>
                              <mn>3</mn>
                            </mrow>
                          </mtd>
                          <mtd>
                            <mrow>
                              <mn>0</mn>
                            </mrow>
                          </mtd>
                        </mtr>
                        <mtr>
                          <mtd>
                            <mrow>
                              <mrow>
                                <mo stretchy="false">−</mo>
                                <mn>3</mn>
                              </mrow>
                            </mrow>
                          </mtd>
                          <mtd>
                            <mrow>
                              <mn>3</mn>
                            </mrow>
                          </mtd>
                          <mtd>
                            <mrow>
                              <mn>0</mn>
                            </mrow>
                          </mtd>
                          <mtd>
                            <mrow>
                              <mn>0</mn>
                            </mrow>
                          </mtd>
                        </mtr>
                        <mtr>
                          <mtd>
                            <mrow>
                              <mn>1</mn>
                            </mrow>
                          </mtd>
                          <mtd>
                            <mrow>
                              <mn>0</mn>
                            </mrow>
                          </mtd>
                          <mtd>
                            <mrow>
                              <mn>0</mn>
                            </mrow>
                          </mtd>
                          <mtd>
                            <mrow>
                              <mn>0</mn>
                            </mrow>
                          </mtd>
                        </mtr>
                      </mtable>
                    </mfenced>
                  </mrow>
                </mrow>
              </semantics>
            </math>
          </div> and <div class="formula">
            <math xmlns="http://www.w3.org/1998/Math/MathML">
              <semantics>
                <mrow>
                  <mrow>
                    <msub>
                      <mi>G</mi>
                      <mi>B</mi>
                    </msub>
                    <mo stretchy="false">=</mo>
                    <mfenced close="]" open="[">
                      <mtable>
                        <mtr>
                          <mtd>
                            <mrow>
                              <msub>
                                <mi>P</mi>
                                <mn>0</mn>
                              </msub>
                            </mrow>
                          </mtd>
                        </mtr>
                        <mtr>
                          <mtd>
                            <mrow>
                              <msub>
                                <mi>P</mi>
                                <mn>1</mn>
                              </msub>
                            </mrow>
                          </mtd>
                        </mtr>
                        <mtr>
                          <mtd>
                            <mrow>
                              <msub>
                                <mi>P</mi>
                                <mn>2</mn>
                              </msub>
                            </mrow>
                          </mtd>
                        </mtr>
                        <mtr>
                          <mtd>
                            <mrow>
                              <msub>
                                <mi>P</mi>
                                <mn>3</mn>
                              </msub>
                            </mrow>
                          </mtd>
                        </mtr>
                      </mtable>
                    </mfenced>
                  </mrow>
                </mrow>
              </semantics>
            </math>
          </div>
        </p>
        <p>The blending functions are described like this:</p>
        <table class="odt-table" id="Tabell4">
          <tr>
            <td>
              
              <img alt="bilder9" class="image" src="wikiback/web_wxtdemos_demo9_Bezier/_A_polynom_of_degree_3/10000201000000AA000000A19A735956.png" title="bilder9"/>
            </td>
            <td>
              <div class="formula">
                <math xmlns="http://www.w3.org/1998/Math/MathML">
                  <semantics>
                    <mtable>
                      <mtr>
                        <mrow>
                          <mrow>
                            <msub>
                              <mi>P</mi>
                              <mn>0</mn>
                            </msub>
                            <mo stretchy="false">=</mo>
                            <mrow>
                              <mrow>
                                <mrow>
                                  <mrow>
                                    <mo stretchy="false">−</mo>
                                    <msup>
                                      <mi>t</mi>
                                      <mn>3</mn>
                                    </msup>
                                  </mrow>
                                  <mo stretchy="false">+</mo>
                                  <mrow>
                                    <mn>3</mn>
                                    <mo stretchy="false">⋅</mo>
                                    <msup>
                                      <mi>t</mi>
                                      <mn>2</mn>
                                    </msup>
                                  </mrow>
                                </mrow>
                                <mo stretchy="false">−</mo>
                                <mrow>
                                  <mn>3</mn>
                                  <mo stretchy="false">⋅</mo>
                                  <mi>t</mi>
                                </mrow>
                              </mrow>
                              <mo stretchy="false">+</mo>
                              <mn>1</mn>
                            </mrow>
                          </mrow>
                        </mrow>
                      </mtr>
                      <mtr>
                        <mrow>
                          <mrow>
                            <msub>
                              <mi>P</mi>
                              <mn>1</mn>
                            </msub>
                            <mo stretchy="false">=</mo>
                            <mrow>
                              <mrow>
                                <mrow>
                                  <mn>3</mn>
                                  <mo stretchy="false">⋅</mo>
                                  <msup>
                                    <mi>t</mi>
                                    <mn>3</mn>
                                  </msup>
                                </mrow>
                                <mo stretchy="false">−</mo>
                                <mrow>
                                  <mn>6</mn>
                                  <mo stretchy="false">⋅</mo>
                                  <msup>
                                    <mi>t</mi>
                                    <mn>2</mn>
                                  </msup>
                                </mrow>
                              </mrow>
                              <mo stretchy="false">−</mo>
                              <mrow>
                                <mn>3</mn>
                                <mo stretchy="false">⋅</mo>
                                <mi>t</mi>
                              </mrow>
                            </mrow>
                          </mrow>
                        </mrow>
                      </mtr>
                      <mtr>
                        <mrow>
                          <mrow>
                            <msub>
                              <mi>P</mi>
                              <mn>2</mn>
                            </msub>
                            <mo stretchy="false">=</mo>
                            <mrow>
                              <mrow>
                                <mrow>
                                  <mo stretchy="false">−</mo>
                                  <mn>3</mn>
                                </mrow>
                                <mo stretchy="false">⋅</mo>
                                <msup>
                                  <mi>t</mi>
                                  <mn>3</mn>
                                </msup>
                              </mrow>
                              <mo stretchy="false">+</mo>
                              <mrow>
                                <mn>3</mn>
                                <mo stretchy="false">⋅</mo>
                                <msup>
                                  <mi>t</mi>
                                  <mn>2</mn>
                                </msup>
                              </mrow>
                            </mrow>
                          </mrow>
                        </mrow>
                      </mtr>
                      <mtr>
                        <mrow>
                          <mrow>
                            <msub>
                              <mi>P</mi>
                              <mn>3</mn>
                            </msub>
                            <mo stretchy="false">=</mo>
                            <msup>
                              <mi>t</mi>
                              <mn>3</mn>
                            </msup>
                          </mrow>
                        </mrow>
                      </mtr>
                    </mtable>
                  </semantics>
                </math>
              </div>
            </td>
          </tr>
        </table>
        <p>Note that we can rewrite:</p>
        <div class="formula">
          <math xmlns="http://www.w3.org/1998/Math/MathML">
            <semantics>
              <mrow>
                <mrow>
                  <mi>B</mi>
                  <mrow>
                    <mrow>
                      <mo stretchy="false">(</mo>
                      <mi>t</mi>
                      <mo stretchy="false">)</mo>
                    </mrow>
                    <mo stretchy="false">=</mo>
                    <mrow>
                      <mo stretchy="false">−</mo>
                      <msub>
                        <mi>P</mi>
                        <mn>0</mn>
                      </msub>
                    </mrow>
                  </mrow>
                  <mrow>
                    <mrow>
                      <mo stretchy="false">(</mo>
                      <mrow>
                        <mrow>
                          <mrow>
                            <mrow>
                              <mo stretchy="false">−</mo>
                              <msup>
                                <mi>t</mi>
                                <mn>3</mn>
                              </msup>
                            </mrow>
                            <mo stretchy="false">+</mo>
                            <mrow>
                              <mn>3</mn>
                              <mo stretchy="false">⋅</mo>
                              <msup>
                                <mi>t</mi>
                                <mn>2</mn>
                              </msup>
                            </mrow>
                          </mrow>
                          <mo stretchy="false">−</mo>
                          <mrow>
                            <mn>3</mn>
                            <mo stretchy="false">⋅</mo>
                            <mi>t</mi>
                          </mrow>
                        </mrow>
                        <mo stretchy="false">+</mo>
                        <mn>1</mn>
                      </mrow>
                      <mo stretchy="false">)</mo>
                    </mrow>
                    <mo stretchy="false">+</mo>
                    <msub>
                      <mi>P</mi>
                      <mn>1</mn>
                    </msub>
                  </mrow>
                  <mrow>
                    <mrow>
                      <mo stretchy="false">(</mo>
                      <mrow>
                        <mrow>
                          <mrow>
                            <mn>3</mn>
                            <mo stretchy="false">⋅</mo>
                            <msup>
                              <mi>t</mi>
                              <mn>3</mn>
                            </msup>
                          </mrow>
                          <mo stretchy="false">−</mo>
                          <mrow>
                            <mn>6</mn>
                            <mo stretchy="false">⋅</mo>
                            <msup>
                              <mi>t</mi>
                              <mn>2</mn>
                            </msup>
                          </mrow>
                        </mrow>
                        <mo stretchy="false">+</mo>
                        <mrow>
                          <mn>3</mn>
                          <mo stretchy="false">⋅</mo>
                          <mi>t</mi>
                        </mrow>
                      </mrow>
                      <mo stretchy="false">)</mo>
                    </mrow>
                    <mo stretchy="false">+</mo>
                    <msub>
                      <mi>P</mi>
                      <mn>2</mn>
                    </msub>
                  </mrow>
                  <mrow>
                    <mrow>
                      <mo stretchy="false">(</mo>
                      <mrow>
                        <mrow>
                          <mrow>
                            <mo stretchy="false">−</mo>
                            <mn>3</mn>
                          </mrow>
                          <mo stretchy="false">⋅</mo>
                          <msup>
                            <mi>t</mi>
                            <mn>3</mn>
                          </msup>
                        </mrow>
                        <mo stretchy="false">+</mo>
                        <mrow>
                          <mn>3</mn>
                          <mo stretchy="false">⋅</mo>
                          <msup>
                            <mi>t</mi>
                            <mn>2</mn>
                          </msup>
                        </mrow>
                      </mrow>
                      <mo stretchy="false">)</mo>
                    </mrow>
                    <mo stretchy="false">+</mo>
                    <msub>
                      <mi>P</mi>
                      <mn>3</mn>
                    </msub>
                  </mrow>
                  <mrow>
                    <mo stretchy="false">(</mo>
                    <msup>
                      <mi>t</mi>
                      <mn>3</mn>
                    </msup>
                    <mo stretchy="false">)</mo>
                  </mrow>
                </mrow>
              </mrow>
            </semantics>
          </math>
        </div>
        <p>to</p>
        <div class="formula">
          <math xmlns="http://www.w3.org/1998/Math/MathML">
            <semantics>
              <mrow>
                <mrow>
                  <mi>B</mi>
                  <mrow>
                    <mrow>
                      <mo stretchy="false">(</mo>
                      <mi>t</mi>
                      <mo stretchy="false">)</mo>
                    </mrow>
                    <mo stretchy="false">=</mo>
                    <mrow>
                      <mrow>
                        <mrow>
                          <mrow>
                            <msup>
                              <mrow>
                                <mo stretchy="false">(</mo>
                                <mrow>
                                  <mn>1</mn>
                                  <mo stretchy="false">−</mo>
                                  <mi>t</mi>
                                </mrow>
                                <mo stretchy="false">)</mo>
                              </mrow>
                              <mn>3</mn>
                            </msup>
                            <mo stretchy="false">⋅</mo>
                            <msub>
                              <mi>P</mi>
                              <mn>0</mn>
                            </msub>
                          </mrow>
                          <mo stretchy="false">+</mo>
                          <mrow>
                            <mrow>
                              <mrow>
                                <mn>3</mn>
                                <mo stretchy="false">⋅</mo>
                                <mi>t</mi>
                              </mrow>
                              <mo stretchy="false">⋅</mo>
                              <msup>
                                <mrow>
                                  <mo stretchy="false">(</mo>
                                  <mrow>
                                    <mn>1</mn>
                                    <mo stretchy="false">−</mo>
                                    <mi>t</mi>
                                  </mrow>
                                  <mo stretchy="false">)</mo>
                                </mrow>
                                <mn>3</mn>
                              </msup>
                            </mrow>
                            <mo stretchy="false">⋅</mo>
                            <msub>
                              <mi>P</mi>
                              <mn>1</mn>
                            </msub>
                          </mrow>
                        </mrow>
                        <mo stretchy="false">+</mo>
                        <mrow>
                          <mrow>
                            <mrow>
                              <mn>3</mn>
                              <mo stretchy="false">⋅</mo>
                              <msup>
                                <mi>t</mi>
                                <mn>2</mn>
                              </msup>
                            </mrow>
                            <mo stretchy="false">⋅</mo>
                            <mrow>
                              <mo stretchy="false">(</mo>
                              <mrow>
                                <mn>1</mn>
                                <mo stretchy="false">−</mo>
                                <mi>t</mi>
                              </mrow>
                              <mo stretchy="false">)</mo>
                            </mrow>
                          </mrow>
                          <mo stretchy="false">⋅</mo>
                          <msub>
                            <mi>P</mi>
                            <mn>2</mn>
                          </msub>
                        </mrow>
                      </mrow>
                      <mo stretchy="false">+</mo>
                      <mrow>
                        <msup>
                          <mi>t</mi>
                          <mn>3</mn>
                        </msup>
                        <mo stretchy="false">⋅</mo>
                        <msub>
                          <mi>P</mi>
                          <mn>3</mn>
                        </msub>
                      </mrow>
                    </mrow>
                  </mrow>
                </mrow>
              </mrow>
            </semantics>
          </math>
        </div>
        <p>which is the normal description of the Bezier curve.</p>
        </div>
</div>
