<?xml version="1.0" encoding="UTF-8" standalone="no"?>
<!DOCTYPE html PUBLIC "-//W3C//DTD XHTML 1.0 Strict//EN" "http://www.w3.org/TR/xhtml1/DTD/xhtml1-strict.dtd">
<html xmlns="http://www.w3.org/1999/xhtml" lang="en" xml:lang="en">
	<head>
		<meta content="text/html; charset=utf-8" http-equiv="Content-Type"/>
		<title>testing links</title> 
		<link href="style3.css" rel="STYLESHEET"/>
		<script src="js3.js" type="text/javascript"> </script>
		
	</head>
	<body>
    <div class="mainblock">
	<h1>Testing Google gadgets</h1>
	
	
	<div>
	<?_wxt gadget width="325px" height="100px" title="Latinske ordtak"
		   position="fixed" left="300px" top="100px"
	       location="http://www.gmodules.com/ig/ifr?url=http://hosting.gmodules.com/ig/gadgets/file/103778027744751074178/latin.xml&amp;synd=open&amp;w=320&amp;h=100&amp;title=Latin&amp;border=%23ffffff%7C3px%2C1px+solid+%23999999&amp;output=js"?>
	</div>


   <p>og mer </p>
	<div>
	<?_wxt gadget width="250px" height="150px" title="klokke"
           expanded="yes" movable="yes"	
		   position="absolute" left="100px" top="200px"
	       location="http://www.gmodules.com/ig/ifr?url=http://www.google.com/ig/modules/datetime_v2/datetime_v2.xml&amp;up_color=blue&amp;up_dateFormat=wdm&amp;up_firstDay=1&amp;up_clocks=%5B%5B-73.986951%2C40.756054%2C%22New%20York%22%2C0%5D%5D&amp;synd=open&amp;w=320&amp;h=140&amp;title=__MSG_title__&amp;lang=no&amp;country=ALL&amp;border=%23ffffff%7C3px%2C1px+solid+%23999999&amp;output=js"?>
	</div>

    
    </div><!-- main -->
	</body>
</html>
