﻿<?xml version="1.0" encoding="UTF-8" standalone="no"?>
<!DOCTYPE html PUBLIC "-//W3C//DTD XHTML 1.0 Strict//EN" "http://www.w3.org/TR/xhtml1/DTD/xhtml1-strict.dtd">
<html xmlns="http://www.w3.org/1999/xhtml" lang="en" xml:lang="en">
	<head>
		<meta content="text/html; charset=utf-8" http-equiv="Content-Type"/>
		<title>testing links</title> 
		<link href="style3.css" rel="STYLESHEET"/>
		<script src="js3.js" type="text/javascript"> </script>
		
	</head>
	<body>
    <div class="mainblock">
	<h1>Testing gadgets</h1>
	
    <p>absolute</p>
    
	<div>
	<?_wxt gadget width="400px" height="450px" title="Tegn trekant" 
	       location="http://www.it.hiof.no/~borres/gadgets/geometri2/b-eks11.html"?>
	</div>

	
	<p>movable and fixed</p>
	<div>
	<?_wxt gadget width="80px" height="85px" title="Self" 
	      top="10px" left="10px" position="fixed" movable="yes"
	       location="bs.png"?>
	</div>

   

	<p>youtube</p>
      <div>
      <?_wxt gadget width="640px" height="85px" title="Lasers" 
	       fragmentid="laser"?>
	</div>
    
 	<p>youtube movable</p>
      <div>
      <?_wxt gadget width="480px" height="85px" title="La Vida Tombola" 
	       fragmentid="tombola" movable="yes"?>
	</div>   
    
    
    

    
    </div><!-- main -->
	</body>
</html>
