﻿<?xml version="1.0" encoding="utf-8"?>
<html>
<head> 
</head>
<body>
<div class="content"> 

<div class="main">   
<h1><?_wxt fragment id="_name"?></h1>

<div class="ingress">
<p>
 We will use de Casteljaus algorithm to find the Bezier function
</p>
</div>


<div>
 <?_wxt importodf location="../Bezier.odt" dpath="/de Casteljau[*,-h2]"?>
</div>
</div>

<div class="applet">
<p>You may experiment with this applet:</p>
      <!--[if !IE]>-->
      <object classid="java:Casteljau.class" height="300" type="application/x-java-applet" width="400">
              <param name="codebase" value="http://www.ia.hiof.no/~borres/j3d/gbapplets/Fcasteljau/" />
      <!--<![endif]-->
        <object classid="clsid:8AD9C840-044E-11D1-B3E9-00805F499D93" height="300" width="400"> 
          <param name="codebase" value="http://www.ia.hiof.no/~borres/j3d/gbapplets/Fcasteljau/" />
          <param name="code" value="Casteljau.class" />
        </object> 
      <!--[if !IE]>-->

      </object>
      <!--<![endif]-->
	  <p>(A stunt applet by Håvard Rast Blok, noon - 15.2.2001 ) </p>
</div>


</div>


</body>
</html>