﻿<?xml version="1.0" encoding="utf-8"?>
<html>
<head> 
</head>
<body>
<div class="content">    

<div class="main">
<h1><?_wxt fragment id="_name"?></h1>

<div class="ingress">
<p>We will see how we can realize a Bezier curve in OpenGL</p>
</div>

<p>Bezier curves is handled directly by OpenGL</p>
<pre class="ccode">
    // 4 control points in space
    GLfloat ctrlpoints[4][3] = {
        {-4.0,-4.0,0.0},
        {-2.0,4.0,0.0},
        {2.0,-4.0,0.0},
        {4.0,4.0,0.0}    };
    // we want to draw with t from 0.0 to 1.0
    // and we give the dimensions of the data
    glMap1f(GL_MAP1_VERTEX_3,0.0,1.0,3,4,&amp; ctrlpoints[0][0]);
    glEnable(GL_MAP1_VERTEX_3);
    // draw a curve with 30 steps from t=0.0 to t=1.0
    glBegin(GL_LINE_STRIP);
    for (int i=0;i&lt;=30;i++)
       glEvalCoord1f((GLfloat) i/30.0);
    glEnd();
</pre>

<p>Example of a surface definition and drawing.</p>

<pre class="ccode">
   // define ctrlpoints for trampoline
  GLfloat ctrlpoints[4][4][3] = // [v][u][xyz]
  {
   { {-1.5f,-1.5f,0.0f}, {-0.5f,-1.5f,0.0f},
     {0.5f,-1.5f,0.0f}, { 1.5f,-1.5f,0.0f}
   },
   { {-1.5f,-0.5f,0.0f}, {-0.5f,-0.5f,0.0f},
     {0.5f,-0.5f,0.0f}, {1.5f,-0.5f,0.0f}
   },
   {{-1.5f,0.5f,0.0f}, {-0.5f,0.5f,0.0f},
    {0.5f,0.5f,0.0f}, {1.5f,0.5f,0.0f}
   },
   { {-1.5f,1.5f,0.0f}, {-0.5f,1.5f,0.0f},
     {0.5f,1.5f,0.0f}, {1.5f,1.5f,0.0f}
   }
  };
  ...
  //  drawing
    glMap2f(GL_MAP2_VERTEX_3,0.0f,1.0f,3,4,0.0f,1.0f,12,4,
            &amp; ctrlpoints[0][0][0]);
    glEnable(GL_MAP2_VERTEX_3);
    glMapGrid2f(20,0.0f,1.0f,20,0.0f, 1.0f);
    glEvalMesh2(GL_FILL, 0, 20, 0, 20);
</pre>

</div>

</div>
</body>
</html>