﻿<?xml version="1.0" encoding="utf-8"?>
<html>
<head> 
</head>
<body>
<div class="content">    


<div class="ingress">
<p>We will use a situation quite similar to the one we had when we developed the Hermit curve.
We want to find the coefficients in an expression of third degree:
<?_wxt formula id="_fsimple3polynom"?>
</p>
</div>

<div class="main">
<h1>Polynom</h1>
<p>
We want geometrical guidelines that state that the curve should start and stop in two points: P0 and P3.
Consequently: <span><?_wxt formula id="_fcondition1"?></span> and <span><?_wxt formula id="_fcondition2"?>.</span>
 We want a polynomial of third degree and need two more guidelines. 
We use two points that indirect state the derivative in the endpoints: 
</p>
<div style="float:left">
<?_wxt image id="bez1"?>
</div>
<div>
<p>We decide that:</p>
<div><?_wxt formula id="_fcondition3"?></div>
<div><?_wxt formula id="_fcondition3"?></div>
</div>
<p style="clear:left">The derivative is: <?_wxt formula id="_fsimple3polynomderivate"?></p>


<p>We have to find a,b,c and d in this set of equations:</p>
<div><?_wxt formula id="_fequation1"?></div>
<p>  We solve and find:</p>
<div><?_wxt formula id="_fsolution1"?></div>

<p>and we swet up the expression for B(t):</p>
<div><?_wxt formula id="_fBTexpression"?></div>

<p>We rearrange and we get:</p>
<div><?_wxt formula id="_fBTexpressionarranged"?></div>
<div>

<p>This has given us a form that resembles the one we had for the Hermit curve and we can set up the expression in a matrix form: </p>
<div><?_wxt formula id="_fmatrixform"?></div>


<p>where</p>

<div>
<span><?_wxt formula id="_fmatrixT"?></span> , 
<span><?_wxt formula id="_fmatrixMB"?></span> and 
<span><?_wxt formula id="_fmatrixGB"?></span> 
</div>

<p>The blending functions are described like this:</p>
<div style="float:left">
<?_wxt image id="BezierV"?>
</div>
<div>
<?_wxt formula id="_fblending"?>
</div>

<p style="clear:left">Note that we can rewrite:</p>
<div><?_wxt formula id="_fBTexpressionarranged"?></div>

<p>to:</p>
<div><?_wxt formula id="_fBTexpression2"?></div>
</div>

<p>which is the normal description of the Bezier curve.</p>

</div>

<div class="applet">
<p>You can experiment with the curce below. Drag the control points</p>
      <!--[if !IE]>-->
      <object classid="java:bezier.class" height="300" type="application/x-java-applet" width="300">

              <param name="codebase" value="http://www.ia.hiof.no/~borres/j3d/gbapplets/Fbezier/" />
      <!--<![endif]-->
        <object classid="clsid:8AD9C840-044E-11D1-B3E9-00805F499D93" height="300" width="300"> 
          <param name="codebase" value="http://www.ia.hiof.no/~borres/j3d/gbapplets/Fbezier/" />
          <param name="code" value="bezier.class" />
        </object> 
      <!--[if !IE]>-->
      </object>
      <!--<![endif]-->
</div>


</div>
</body>
</html>