<?xml version="1.0" encoding="utf-8" standalone="no"?>
<root> <div class="importwiki">
    <h3>
Union with Sweden (19th
century)</h3>

<div class="thumb tright">
<div class="thumbinner">
        <a class="external" href="http://en.wikipedia.org/wiki/File:Eidsvoll_riksraad_1814.jpeg" title="The 1814 constitutional assembly, painted by Oscar Wergeland.">
<img alt="" class="thumbimage" height="129" src="bck/en.wikipedia.org_wiki_Norway/__Union_with_Sweden__19th_century_/180px_Eidsvoll_riksraad_1814.jpeg" width="180"/>
        </a> 

<div class="thumbcaption">
<div class="magnify">
            <a class="external" href="http://en.wikipedia.org/wiki/File:Eidsvoll_riksraad_1814.jpeg" title="Enlarge">
              <img alt="" height="11" src="bck/en.wikipedia.org_wiki_Norway/__Union_with_Sweden__19th_century_/magnify_clip.png" width="15"/>
            </a>
          </div>

The 1814 constitutional assembly, painted by <a class="external" href="http://en.wikipedia.org/wiki/Oscar_Wergeland" title="Oscar Wergeland">Oscar
Wergeland</a>.</div>
</div>
</div>

<p>After <a class="external" href="http://en.wikipedia.org/wiki/Denmark%E2%80%93Norway" title="DenmarkNorway">DenmarkNorway</a> was attacked
by the <a class="external" href="http://en.wikipedia.org/wiki/United_Kingdom_of_Great_Britain_and_Ireland" title="United Kingdom of Great Britain and Ireland">United
Kingdom</a>, it entered into an alliance with <a class="external" href="http://en.wikipedia.org/wiki/Napoleon" title="Napoleon">Napoleon</a>, with the war leading to dire
conditions and mass <a class="external" href="http://en.wikipedia.org/wiki/Starvation" title="Starvation">starvation</a> in 1812. As the Danish kingdom
found itself on the losing side in 1814 it was forced to cede
Norway to the king of Sweden, while the old Norwegian provinces of
Iceland, Greenland and the Faroe Islands remained with the Danish
crown.<sup class="reference"/>
Norway took this opportunity to declare independence, adopted a
constitution based on <a class="external" href="http://en.wikipedia.org/wiki/American_constitution" title="American constitution">American</a> and
<a class="external" href="http://en.wikipedia.org/wiki/French_constitution" title="French constitution">French</a> models, and elected the crown prince
of Denmark-Norway <a class="external" href="http://en.wikipedia.org/wiki/Christian_VIII_of_Denmark" title="Christian VIII of Denmark">Christian Fredrik</a> as king on
17 May 1814. This caused the <a class="external" href="http://en.wikipedia.org/wiki/Norwegian-Swedish_War" title="Norwegian-Swedish War">Norwegian-Swedish
War</a> to break out between Sweden and Norway but as Sweden's
military was not strong enough to defeat the Norwegian forces
outright and Norway's treasury was not large enough to support a
protracted war, and as British and Russian navies blockaded the
Norwegian coast,<sup class="reference"/>
Norway agreed to enter a <a class="external" href="http://en.wikipedia.org/wiki/Union_between_Sweden_and_Norway" title="Union between Sweden and Norway">personal union</a> with
Sweden. <a class="external" href="http://en.wikipedia.org/wiki/Norway_in_1814" title="Norway in 1814">Under
this arrangement</a>, Norway kept its liberal constitution and
independent institutions, except for the foreign service.</p>

<p>This period also saw the rise of the <a class="external" href="http://en.wikipedia.org/wiki/Norwegian_romantic_nationalism" title="Norwegian romantic nationalism">Norwegian romantic
nationalism</a>, as Norwegians sought to define and express a
distinct national character. The movement covered all branches of
culture, including literature (<a class="external" href="http://en.wikipedia.org/wiki/Henrik_Wergeland" title="Henrik Wergeland">Henrik Wergeland</a>, <a class="external" href="http://en.wikipedia.org/wiki/Bj%C3%B8rnstjerne_Bj%C3%B8rnson" title="Bjørnstjerne Bjørnson">Bjørnstjerne Bjørnson</a>, <a class="external" href="http://en.wikipedia.org/wiki/Peter_Christen_Asbj%C3%B8rnsen" title="Peter Christen Asbjørnsen">Peter Christen Asbjørnsen</a>, <a class="external" href="http://en.wikipedia.org/wiki/J%C3%B8rgen_Moe" title="Jørgen Moe">Jørgen Moe</a>, <a class="external" href="http://en.wikipedia.org/wiki/Henrik_Ibsen" title="Henrik Ibsen">Henrik Ibsen</a>),
painting (<a class="external" href="http://en.wikipedia.org/wiki/Hans_Gude" title="Hans Gude">Hans
Gude</a>, <a class="external" href="http://en.wikipedia.org/wiki/Edvard_Munch" title="Edvard Munch">Edvard
Munch</a>, <a class="external" href="http://en.wikipedia.org/wiki/Adolph_Tidemand" title="Adolph Tidemand">Adolph Tidemand</a>), music (<a class="external" href="http://en.wikipedia.org/wiki/Edvard_Grieg" title="Edvard Grieg">Edvard Grieg</a>),
and even language policy, where attempts to define a native written
language for Norway led to today's two official written forms for
<a class="external" href="http://en.wikipedia.org/wiki/Norwegian_language" title="Norwegian language">Norwegian</a>: <a class="external" href="http://en.wikipedia.org/wiki/Bokm%C3%A5l" title="Bokmål">Bokmål</a> and <a class="external" href="http://en.wikipedia.org/wiki/Nynorsk" title="Nynorsk">Nynorsk</a>.</p>

<p/>

</div>
</root>
