<?xml version="1.0" encoding="utf-8" standalone="no"?>
<root> <div class="importwiki">
    <h3> Trac</h3>

<p>Trac er et verktøy som kan brukes i prosjektgjennomføring og
andre former for samarbeid mellom mennesker. Verktøyet gir mulighet
for å kunne planlegge arbeidet, dokumentere underveis samt i
ettertid kunne spore arbeid som er utført. Systemet har en
minimalistisk tilnærmingsform, slik at det er et enkelt
prosjektstyringsverktøy. I dette ligger det også at systemet er
utviklet for i minst mulig grad å påtvinge den eksisterende
utviklingsprosessen styrende elementer. Dette kan være en fordel
for anvendelse i ulike didaktiske opplegg.</p>

<p>Vi hevder at systemet er egnet for utviklingsoppgaver som
prosjekter i næringslivet og prosjekter i undervisningssammenheng,
Dette med bakgrunn i den minimalistiske form. Det vil si at de er
enkle å inntalere og at terskelen for å kunne anvende verktøyet er
lav. Våre resultat viser at selv for førstesemester studenter
holder det med en enkel innføring i verktøyene, samt litt
veiledning fra studentassistenter.</p>

<p>Verktøyet bruker wiki formatering [3] i sin behandling av tekst
som er knyttet til organisering og gjennomføring av prosjekt, så
som for eksempel: meldinger, kommentarer, beskrivelser og linker.
Dette bidrar til en standardisert form slik at det er mindre risiko
for at noen legger inn tekst som de andre i prosjektet kan ha
problemer med å se. Det er å bemerke at det selvsagt er slik at vi
i prosjektet kan produsere alle slags fileformater, som for
eksempel: txt, doc, emx og jpg.</p>

<p>Her vises en klipp av web siden som brukes når vi jobber med
Trac:</p>

<p>
      <img alt="Bilde: Tracbilde.jpg" height="331" longdesc="/XP/index.php/Bilde:Tracbilde.jpg" src="handbok_files/Tracbilde.jpg" width="445"/>
    </p>

<p>Figur 3; Typisk eksempel på en oppstartside i et
undervisningsprosjekt.</p>

<p>Øverst i figuren er det en samling med funksjoner som finnes i
Trac. Denne delen vises hele tiden, mens resten av siden brukes til
å vise de data som er knytte til den valgte funksjonen.</p>

<p>Når vi jobber med prosjektlignende oppgaver kan vi når som helst
enkelt se alle hendelser som er gjort tidligere i prosjektet og
veien videre. Vi kan legge inn elementer som milepæler (milestone),
arbeidsoppgaver (ticket) og fritt lage komponenter (som typisk er:
forskjellige typer dokumentasjon og programkode). Vi kan også lage
relasjoner mellom de forskjellige elementene slik at det er enkelt
å spore tilbake i prosjektet.</p>

<p>Vi har prøvd Trac på flere nivåer i studiet. Det er særlig
enkelheten i funksjonaliteten som gjør den egnet for bruk i
forbindelse med forskjellige didaktiske opplegg. Det at bruk av
verktøy kan bidra til at studentene får mer ut av de aktuelle
temaer for et kurs, enn at denne type verktøy, bidrar negativt på
grunn av sin kompleksitet eller arbeidsmengde, var en positiv
erfaring for oss.</p>


</div>
</root>
