<?xml version="1.0" encoding="utf-8" standalone="no"?>
<div> <div class="importwiki">
    <h2>
          The formula
        </h2>
        <p>The expression for the Bezier function is in general: </p>
        <div class="formula">
          <math xmlns="http://www.w3.org/1998/Math/MathML">
            <semantics>
              <mrow>
                <mi>B</mi>
                <mrow>
                  <mrow>
                    <mrow>
                      <mo stretchy="false">(</mo>
                      <mi>t</mi>
                      <mo stretchy="false">)</mo>
                    </mrow>
                    <mo stretchy="false">=</mo>
                    <mrow>
                      <mrow>
                        <msubsup>
                          <mi>B</mi>
                          <mi>i</mi>
                          <mi>n</mi>
                        </msubsup>
                        <mo stretchy="false">⋅</mo>
                        <msup>
                          <mi>t</mi>
                          <mi>i</mi>
                        </msup>
                      </mrow>
                      <mo stretchy="false">⋅</mo>
                      <msup>
                        <mrow>
                          <mo stretchy="false">(</mo>
                          <mrow>
                            <mn>1</mn>
                            <mo stretchy="false">−</mo>
                            <mi>t</mi>
                          </mrow>
                          <mo stretchy="false">)</mo>
                        </mrow>
                        <mrow>
                          <mo stretchy="false">(</mo>
                          <mrow>
                            <mi>n</mi>
                            <mo stretchy="false">−</mo>
                            <mi>i</mi>
                          </mrow>
                          <mo stretchy="false">)</mo>
                        </mrow>
                      </msup>
                    </mrow>
                  </mrow>
                  <mo stretchy="false">=</mo>
                  <mrow>
                    <mo stretchy="false">(</mo>
                    <mtable>
                      <mtr>
                        <mi>n</mi>
                      </mtr>
                      <mtr>
                        <mi>i</mi>
                      </mtr>
                    </mtable>
                    <mo stretchy="false">)</mo>
                  </mrow>
                </mrow>
                <mrow>
                  <mrow>
                    <msup>
                      <mi>t</mi>
                      <mi>i</mi>
                    </msup>
                    <mo stretchy="false">⋅</mo>
                    <msup>
                      <mrow>
                        <mo stretchy="false">(</mo>
                        <mrow>
                          <mn>1</mn>
                          <mo stretchy="false">−</mo>
                          <mi>t</mi>
                        </mrow>
                        <mo stretchy="false">)</mo>
                      </mrow>
                      <mrow>
                        <mo stretchy="false">(</mo>
                        <mrow>
                          <mi>n</mi>
                          <mo stretchy="false">−</mo>
                          <mi>i</mi>
                        </mrow>
                        <mo stretchy="false">)</mo>
                      </mrow>
                    </msup>
                  </mrow>
                  <mo stretchy="false">=</mo>
                  <mrow>
                    <mrow>
                      <mfrac>
                        <mrow>
                          <mi>n</mi>
                          <mi>!</mi>
                        </mrow>
                        <mrow>
                          <mi>i</mi>
                          <mrow>
                            <mi>!</mi>
                            <mo stretchy="false">⋅</mo>
                            <mrow>
                              <mo stretchy="false">(</mo>
                              <mrow>
                                <mi>n</mi>
                                <mo stretchy="false">−</mo>
                                <mi>i</mi>
                              </mrow>
                              <mo stretchy="false">)</mo>
                            </mrow>
                          </mrow>
                          <mi>!</mi>
                        </mrow>
                      </mfrac>
                      <mo stretchy="false">⋅</mo>
                      <msup>
                        <mi>t</mi>
                        <mi>i</mi>
                      </msup>
                    </mrow>
                    <mo stretchy="false">⋅</mo>
                    <msup>
                      <mrow>
                        <mo stretchy="false">(</mo>
                        <mrow>
                          <mn>1</mn>
                          <mo stretchy="false">−</mo>
                          <mi>t</mi>
                        </mrow>
                        <mo stretchy="false">)</mo>
                      </mrow>
                      <mrow>
                        <mo stretchy="false">(</mo>
                        <mrow>
                          <mi>n</mi>
                          <mo stretchy="false">−</mo>
                          <mi>i</mi>
                        </mrow>
                        <mo stretchy="false">)</mo>
                      </mrow>
                    </msup>
                  </mrow>
                </mrow>
              </mrow>
            </semantics>
          </math>
        </div>
        <p>where n states the number of control points.</p>
        <p>The description of the curve becomes:</p>
        <div class="formula">
          <math xmlns="http://www.w3.org/1998/Math/MathML">
            <semantics>
              <mrow>
                <mi>B</mi>
                <mrow>
                  <mrow>
                    <mo stretchy="false">(</mo>
                    <mi>t</mi>
                    <mo stretchy="false">)</mo>
                  </mrow>
                  <mo stretchy="false">=</mo>
                  <mrow>
                    <mrow>
                      <mrow>
                        <mrow>
                          <munderover>
                            <mo stretchy="false">∑</mo>
                            <mrow>
                              <mi>i</mi>
                              <mo stretchy="false">=</mo>
                              <mn>0</mn>
                            </mrow>
                            <mi>n</mi>
                          </munderover>
                          <msubsup>
                            <mi>B</mi>
                            <mi>i</mi>
                            <mi>n</mi>
                          </msubsup>
                        </mrow>
                        <mo stretchy="false">⋅</mo>
                        <msup>
                          <mi>t</mi>
                          <mi>i</mi>
                        </msup>
                      </mrow>
                      <mo stretchy="false">⋅</mo>
                      <msup>
                        <mrow>
                          <mo stretchy="false">(</mo>
                          <mrow>
                            <mn>1</mn>
                            <mo stretchy="false">−</mo>
                            <mi>t</mi>
                          </mrow>
                          <mo stretchy="false">)</mo>
                        </mrow>
                        <mrow>
                          <mo stretchy="false">(</mo>
                          <mrow>
                            <mi>n</mi>
                            <mo stretchy="false">−</mo>
                            <mi>i</mi>
                          </mrow>
                          <mo stretchy="false">)</mo>
                        </mrow>
                      </msup>
                    </mrow>
                    <mo stretchy="false">⋅</mo>
                    <msub>
                      <mi>P</mi>
                      <mi>i</mi>
                    </msub>
                  </mrow>
                </mrow>
              </mrow>
            </semantics>
          </math>
        </div>
        <p>Coefficients,<div class="formula">
            <math xmlns="http://www.w3.org/1998/Math/MathML">
              <semantics>
                <msubsup>
                  <mi>B</mi>
                  <mi>i</mi>
                  <mi>n</mi>
                </msubsup>
              </semantics>
            </math>
          </div>are the same as the ones in Pascals triangle:</p>
        <table class="odt-table" id="Tabell5">
          <tr>
            <td/>
            <td/>
            <td/>
            <td/>
            <td>
              <p>1</p>
            </td>
            <td/>
            <td/>
            <td/>
            <td/>
          </tr>
          <tr>
            <td/>
            <td/>
            <td/>
            <td>
              <p>1</p>
            </td>
            <td/>
            <td>
              <p>1</p>
            </td>
            <td/>
            <td/>
            <td/>
          </tr>
          <tr>
            <td/>
            <td/>
            <td>
              <p>1</p>
            </td>
            <td/>
            <td>
              <p>2</p>
            </td>
            <td/>
            <td>
              <p>1</p>
            </td>
            <td/>
            <td/>
          </tr>
          <tr>
            <td/>
            <td>
              <p>1</p>
            </td>
            <td/>
            <td>
              <p>3</p>
            </td>
            <td/>
            <td>
              <p>3</p>
            </td>
            <td/>
            <td>
              <p>1</p>
            </td>
            <td/>
          </tr>
          <tr>
            <td>
              <p>1</p>
            </td>
            <td/>
            <td>
              <p>4</p>
            </td>
            <td/>
            <td>
              <p>6</p>
            </td>
            <td/>
            <td>
              <p>4</p>
            </td>
            <td/>
            <td>
              <p>1</p>
            </td>
          </tr>
        </table>
        <p>We have used n=4, and used the coefficients 1, 3, 3, 1. </p>
        </div>
</div>
