<?xml version="1.0" encoding="utf-8" standalone="no"?>
<div> <div class="importwiki">
    <h2> Aktuelle kurs</h2>
<p>
      <b>Programmering for web</b>
</p>
    <p>Kurs for 3.klasse. Programmeringen innebærer: Python, javascript, XSLT. Det skal lages webapplikasjoner.
</p>
    <p>
      <a class="external" href="/XP/index.php/Programmering_for_web" title="Programmering for web">Programmering for web</a>
</p>
    <p>
      <b>Innføring i programmering</b>
</p>
    <p>Dette er begynnerkurset i programmering for 1.klasse. 
Javaprogrammering
</p>
    <p>
      <a class="external" href="/XP/index.php/Innf%C3%B8ring_i_programmering" title="Innføring i programmering">Innføring i programmering</a>
</p>
    <p>
      <br/>
</p>
</div>
</div>
