<?xml version="1.0" encoding="utf-8" standalone="no"?>
<root> <div class="importwiki">
    <h6>
          samples
        </h6>
        <p>Brentpreg i duften med toastkarakter. Litt smøraktig sødme og aprikos i smaken, litt tung stil, men avslutningen er overraskende syrlig. </p>
        <p>Søt og moden duft av rosiner og aprikos. Myk og rund smak med innslag av tørkete frukter og karamellsødme. </p>
        <p>Kobbergylden vin med litt overmoden duft. Fyldig og knallsøt smak med rosinkarakter, aprikos og honningsødme. Ettersmaken er ikke så varig som forventet. </p>
        </div>
</root>
