<?xml version="1.0" encoding="utf-8" standalone="no"?>
<root> <div class="importwiki">
    <table class="infobox geography vcard">
<tr class="adr">
<th align="center" class="mergedtoprow fn org country-name" colspan="3">
Pitcairn Islands 

<div>Pitkern Ailen</div>
</th>
</tr>

<tr class="mergedtoprow">
<td align="center" class="maptable" colspan="3">
<table align="center">
<tr>
<td align="center">
                <a class="external" href="http://en.wikipedia.org/wiki/File:Flag_of_the_Pitcairn_Islands.svg" title="Flag of Pitcairn Islands">
                  <img alt="" class="thumbborder" height="63" src="bck/en.wikipedia.org_wiki_Pitcairn_Islands/__table__class__infobox_geography_vcard__/125px_Flag_of_the_Pitcairn_Islands.svg.png" width="125"/>
                </a>
              </td>
<td align="center">
                <a class="external" href="http://en.wikipedia.org/wiki/File:Coat_of_Arms_of_the_Pitcairn_Islands.svg" title="Coat of arms of Pitcairn Islands">
                  <img alt="" height="99" src="bck/en.wikipedia.org_wiki_Pitcairn_Islands/__table__class__infobox_geography_vcard__/85px_Coat_of_Arms_of_the_Pitcairn_Islands.svg.png" width="85"/>
                </a>
              </td>
</tr>

<tr>
<td align="center">
                <small>
                  <a class="external" href="http://en.wikipedia.org/wiki/Flag_of_Pitcairn_Islands" title="Flag of Pitcairn Islands">Flag</a>
                </small>
              </td>
<td align="center">
                <small>
                  <a class="external" href="http://en.wikipedia.org/wiki/Coat_of_arms_of_Pitcairn_Islands" title="Coat of arms of Pitcairn Islands">Coat
of arms</a>
                </small>
              </td>
</tr>
</table>
</td>
</tr>

<tr>
<td class="anthem" colspan="3">
          <b>
            <a class="external" href="http://en.wikipedia.org/wiki/National_anthem" title="National anthem">Anthem</a>:</b>"<a class="external" href="http://en.wikipedia.org/wiki/Pitcairn_Anthem" title="Pitcairn Anthem">Come ye
Blessed</a>"<br/>
"<a class="external" href="http://en.wikipedia.org/wiki/God_Save_the_Queen" title="God Save the Queen">God
Save the Queen</a>"<br/>
</td>
</tr>

<tr>
<td colspan="3">
<div class="center">
<div class="floatnone">
              <a class="external" href="http://en.wikipedia.org/wiki/File:LocationPitcairnIslands.jpg" title="Location of Pitcairn Islands">
                <img alt="" height="249" src="bck/en.wikipedia.org_wiki_Pitcairn_Islands/__table__class__infobox_geography_vcard__/250px_LocationPitcairnIslands.jpg" width="250"/>
              </a>
            </div>
</div>
</td>
</tr>

<tr class="mergedtoprow">
<td colspan="2">
          <b>
            <a class="external" href="http://en.wikipedia.org/wiki/Capital_(political)" title="Capital (political)">Capital</a>
          </b>
        </td>
<td>
          <a class="external" href="http://en.wikipedia.org/wiki/Adamstown,_Pitcairn_Islands" title="Adamstown, Pitcairn Islands">Adamstown</a>
        </td>
</tr>

<tr class="mergedbottomrow">
<th colspan="2">
          <a class="external" href="http://en.wikipedia.org/wiki/Demographics_of_Pitcairn_Islands" title="Demographics of Pitcairn Islands">Largest city</a>
        </th>
<td>
          <a class="external" href="http://en.wikipedia.org/wiki/Adamstown,_Pitcairn_Island" title="Adamstown, Pitcairn Island">Adamstown</a>
        </td>
</tr>

<tr>
<th colspan="2">
<a class="external" href="http://en.wikipedia.org/wiki/Official_language" title="Official language">Official languages</a>
        </th>
<td>
          <a class="external" href="http://en.wikipedia.org/wiki/English_language" title="English language">English</a>, <a class="external" href="http://en.wikipedia.org/wiki/Pitkern" title="Pitkern">Pitkern</a>
          <sup class="noprint Template-Fact" title="This claim needs references to reliable sources from November 2008">[<i>
              <a class="external" href="http://en.wikipedia.org/wiki/Wikipedia:Citation_needed" title="Wikipedia:Citation needed">citation
needed</a>
            </i>]</sup>
        </td>
</tr>

<tr>
<td colspan="2">
          <b>
            <a class="external" href="http://en.wikipedia.org/wiki/Ethnic_group" title="Ethnic group">Ethnic groups</a>
          </b>
        </td>
<td>
          <a class="external" href="http://en.wikipedia.org/wiki/English_people" title="English people">English</a>, <a class="external" href="http://en.wikipedia.org/wiki/Polynesian" title="Polynesian">Polynesian</a>, or (<a class="external" href="http://en.wikipedia.org/wiki/Multiracial" title="Multiracial">mixed</a>)</td>
</tr>

<tr>
<th colspan="2">
          <a class="external" href="http://en.wikipedia.org/wiki/Government" title="Government">Government</a>
        </th>
<td>
          <a class="external" href="http://en.wikipedia.org/wiki/British_Overseas_Territory" title="British Overseas Territory">British
Overseas Territory</a>
        </td>
</tr>

<tr class="mergedrow">
<td>-</td>
<td>
          <a class="external" href="http://en.wikipedia.org/wiki/Queen_of_the_United_Kingdom" title="Queen of the United Kingdom">Sovereign</a>
        </td>
<td>
          <a class="external" href="http://en.wikipedia.org/wiki/Elizabeth_II" title="Elizabeth II">Elizabeth II</a>
        </td>
</tr>

<tr class="mergedrow">
<td>-</td>
<td>
          <a class="external" href="http://en.wikipedia.org/wiki/Governor_of_the_Pitcairn_Islands" title="Governor of the Pitcairn Islands">Governor</a>
        </td>
<td>
          <a class="external" href="http://en.wikipedia.org/wiki/George_Fergusson" title="George Fergusson">George Fergusson</a>
        </td>
</tr>

<tr class="mergedbottomrow">
<td>-</td>
<td>
          <a class="external" href="http://en.wikipedia.org/wiki/List_of_rulers_of_the_Pitcairn_Islands" title="List of rulers of the Pitcairn Islands">Mayor</a>
        </td>
<td>
          <a class="external" href="http://en.wikipedia.org/wiki/Mike_Warren_(Pitcairn_Islands)" title="Mike Warren (Pitcairn Islands)">Mike
Warren</a>
        </td>
</tr>

<tr class="mergedtoprow">
<th colspan="3">
          <a class="external" href="http://en.wikipedia.org/wiki/Area" title="Area">Area</a>
        </th>
</tr>

<tr class="mergedrow">
<td>-</td>
<td>Total</td>
<td>
          <a class="external" href="http://en.wikipedia.org/wiki/Square_metre" title="Square metre">47km<sup>2</sup>
          </a>
          <br/>
18.1<a class="external" href="http://en.wikipedia.org/wiki/Square_mile" title="Square mile">sqmi</a>
        </td>
</tr>

<tr class="mergedtoprow">
<th colspan="3">
          <a class="external" href="http://en.wikipedia.org/wiki/Population" title="Population">Population</a>
        </th>
</tr>

<tr class="mergedrow">
<td>-</td>
<td>
          <a class="external" href="http://en.wikipedia.org/wiki/2008" title="2008">2008</a>estimate</td>
<td>50(<a class="external" href="http://en.wikipedia.org/wiki/List_of_countries_by_population" title="List of countries by population">223rd (last)</a>)</td>
</tr>

<tr class="mergedbottomrow">
<td>-</td>
<td>
          <a class="external" href="http://en.wikipedia.org/wiki/Population_density" title="Population density">Density</a>
        </td>
<td>1/km<sup>2</sup>(<a class="external" href="http://en.wikipedia.org/wiki/List_of_countries_by_population_density" title="List of countries by population density">197th</a>)<br/>
2.7/sqmi</td>
</tr>

<tr>
<th colspan="2">
          <a class="external" href="http://en.wikipedia.org/wiki/Currency" title="Currency">Currency</a>
        </th>
<td>
          <a class="external" href="http://en.wikipedia.org/wiki/New_Zealand_dollar" title="New Zealand dollar">New Zealand dollar</a> (<code>
            <a class="external" href="http://en.wikipedia.org/wiki/ISO_4217" title="ISO 4217">NZD</a>
          </code>)</td>
</tr>

<tr>
<th colspan="2">
          <a class="external" href="http://en.wikipedia.org/wiki/Time_zone" title="Time zone">Time
zone</a>
        </th>
<td>
          <span>(<a class="external" href="http://en.wikipedia.org/wiki/Coordinated_Universal_Time" title="Coordinated Universal Time">UTC</a>-8)</span>
        </td>
</tr>

<tr>
<th colspan="2">
          <a class="external" href="http://en.wikipedia.org/wiki/Country_code_top-level_domain" title="Country code top-level domain">Internet TLD</a>
        </th>
<td>
          <a class="external" href="http://en.wikipedia.org/wiki/.pn" title=".pn">.pn</a>
        </td>
</tr>

<tr>
<th colspan="2">
          <a class="external" href="http://en.wikipedia.org/wiki/List_of_country_calling_codes" title="List of country calling codes">Calling code</a>
        </th>
<td>64</td>
</tr>
</table>
  </div>
</root>
